anime,type,character,anime_id,name,group
Ousama Game The Animation,Supporting,"Iwamura, Ria",36027,Pile,muse
KochinPa! Dainiki,Main,Aira,34503,Pile,muse
Love Live! x Watering KissMint Collaboration CM,Main,"Nishikino, Maki",32730,Pile,muse
KochinPa!,Main,Aira,32400,Pile,muse
Love Live! The School Idol Movie,Main,"Nishikino, Maki",24997,Pile,muse
World Trigger,Supporting,"Takeda, Kokoa",24405,Pile,muse
Love Live! School Idol Project: μ's →NEXT LoveLive! 2014 - Endless Parade Makuai Drama,Main,"Nishikino, Maki",25897,Pile,muse
Love Live! School Idol Project 2nd Season,Main,"Nishikino, Maki",19111,Pile,muse
Love Live! School Idol Project OVA,Main,"Nishikino, Maki",20745,Pile,muse
Music S.T.A.R.T!!,Main,"Nishikino, Maki",20877,Pile,muse
Love Live! School Idol Project,Main,"Nishikino, Maki",15051,Pile,muse
Wonderful Rush,Main,"Nishikino, Maki",14951,Pile,muse
"Mogyutto ""Love"" de Sekkinchuu!",Main,"Nishikino, Maki",12637,Pile,muse
"Natsu-iro Egao de 1, 2, Jump!",Main,"Nishikino, Maki",11033,Pile,muse
Snow Halation,Main,"Nishikino, Maki",9930,Pile,muse
Bokura no Live Kimi to no Life,Main,"Nishikino, Maki",9907,Pile,muse
Love Live! School Idol Project,Staff,,15051,Pile,muse
World Trigger,Staff,,24405,Pile,muse
Love Live! School Idol Project 2nd Season,Staff,,19111,Pile,muse
Ousama Game The Animation,Staff,,36027,Pile,muse
Dorei-ku The Animation,Staff,,36525,Pile,muse
Kyoukai no Rinne (TV) 2nd Season,Staff,,31610,Pile,muse
Snow Halation,Staff,,9930,Pile,muse
Bokura no Live Kimi to no Life,Staff,,9907,Pile,muse
Wonderful Rush,Staff,,14951,Pile,muse
"Natsu-iro Egao de 1, 2, Jump!",Staff,,11033,Pile,muse
"Mogyutto ""Love"" de Sekkinchuu!",Staff,,12637,Pile,muse
Music S.T.A.R.T!!,Staff,,20877,Pile,muse
Love Live! x Watering KissMint Collaboration CM,Staff,,32730,Pile,muse
Tenkai Knights,Staff,,23067,Pile,muse
Duel Masters VSRF,Staff,,32582,Pile,muse
Duel Masters VSR,Staff,,29687,Pile,muse
Puraore! Pride of Orange,Supporting,"Yoshiike, Ema",44274,"Tokui, Sora",muse
"Shin no Nakama ja Nai to Yuusha no Party wo Oidasareta node, Henkyou de Slow Life suru Koto ni Shimashita",Supporting,Nao,44037,"Tokui, Sora",muse
Tropical-Rouge! Precure,Supporting,"Sakuragawa, Saki",44191,"Tokui, Sora",muse
Gochuumon wa Usagi Desu ka? Bloom,Supporting,"Jouga, Maya",38337,"Tokui, Sora",muse
Princess Connect! Re:Dive,Supporting,Lima,39292,"Tokui, Sora",muse
Kiratto Pri☆chan Season 3,Main,"Kurokawa, Suzu",40880,"Tokui, Sora",muse
Murenase! Seton Gakuen,Supporting,"Nekomai, Kurumi",40483,"Tokui, Sora",muse
Assassins Pride,Supporting,"Madia, Black",38572,"Tokui, Sora",muse
"Watashi, Nouryoku wa Heikinchi de tte Itta yo ne!",Main,Reina,37393,"Tokui, Sora",muse
Gochuumon wa Usagi Desu ka??: Sing for You,Supporting,"Jouga, Maya",38333,"Tokui, Sora",muse
"Maou-sama, Retry!",Supporting,Yukikaze,38297,"Tokui, Sora",muse
Kiratto Pri☆chan Season 2,Main,"Kurokawa, Suzu",38804,"Tokui, Sora",muse
Choukadou Girl ⅙,Supporting,Kusabi,38226,"Tokui, Sora",muse
Senran Kagura Shinovi Master: Tokyo Youma-hen,Main,Hanabi,36037,"Tokui, Sora",muse
Zombieland Saga,Supporting,Shiori,37976,"Tokui, Sora",muse
High School DxD Hero,Supporting,Kunou,34281,"Tokui, Sora",muse
Saredo Tsumibito wa Ryuu to Odoru,Supporting,"Liwe Raqi, Berdrit",33889,"Tokui, Sora",muse
Alice or Alice,Supporting,Kisaki,36001,"Tokui, Sora",muse
Uma Musume: Pretty Derby (TV),Supporting,T.M. Opera O,35249,"Tokui, Sora",muse
Poputepipikku,Main,Popuko,35330,"Tokui, Sora",muse
Gochuumon wa Usagi Desu ka??: Dear My Sister,Supporting,"Jouga, Maya",33280,"Tokui, Sora",muse
Blend S,Supporting,"Kanzaki, Hideri",34618,"Tokui, Sora",muse
Two Car,Supporting,"Makita, Ai",36009,"Tokui, Sora",muse
Kaito x Ansa,Supporting,Hacchin,34725,"Tokui, Sora",muse
Hina Logi: From Luck & Logic,Supporting,"Maxwell, Chloë",34834,"Tokui, Sora",muse
Kyoukai no Rinne (TV) 3rd Season,Supporting,Miho,34106,"Tokui, Sora",muse
Future Card Buddyfight Battsu,Supporting,"Nanana, Paruko",34836,"Tokui, Sora",muse
BanG Dream!,Supporting,"Nijukki, Hinako",33573,"Tokui, Sora",muse
Tantei Opera Milky Holmes: Fun Fun Party Night♪ - Ken to Janet no Okurimono,Main,"Yuzurizaki, Nero",33308,"Tokui, Sora",muse
Nazotokine,Main,Hacchin,33690,"Tokui, Sora",muse
Okusama ga Seitokaichou!+!,Supporting,"Saijou, Honoka",32603,"Tokui, Sora",muse
Kaijuu Girls: Ultra Kaijuu Gijinka Keikaku,Supporting,Pigmon,33011,"Tokui, Sora",muse
Kono Bijutsubu ni wa Mondai ga Aru!,Supporting,"Ayase, Kaori",31952,"Tokui, Sora",muse
Usakame,Supporting,"Shibakusa, Sora",32454,"Tokui, Sora",muse
Kyoukai no Rinne (TV) 2nd Season,Supporting,Miho,31610,"Tokui, Sora",muse
Bishoujo Yuugi Unit Crane Game Girls,Main,Asuka,32906,"Tokui, Sora",muse
Tantei Opera Milky Holmes Movie: Gyakushuu no Milky Holmes,Main,"Yuzurizaki, Nero",31486,"Tokui, Sora",muse
Luck & Logic,Main,"Maxwell, Chloë",32083,"Tokui, Sora",muse
Gochuumon wa Usagi Desu ka??,Supporting,"Jouga, Maya",29787,"Tokui, Sora",muse
JK Meshi!,Main,"Igarashi, Ruriko",31578,"Tokui, Sora",muse
Danchigai: Juusan Goutou Sentou Ikitai!!,Main,"Nakano, Uzuki",31683,"Tokui, Sora",muse
Danchigai,Main,"Nakano, Uzuki",30127,"Tokui, Sora",muse
"Gate: Jieitai Kanochi nite, Kaku Tatakaeri",Supporting,Mome,28907,"Tokui, Sora",muse
Love Live! The School Idol Movie,Supporting,"Yazawa, Kokoro",24997,"Tokui, Sora",muse
Love Live! The School Idol Movie,Main,"Yazawa, Niko",24997,"Tokui, Sora",muse
Love Live! The School Idol Movie,Supporting,"Yazawa, Kotarou",24997,"Tokui, Sora",muse
Love Live! The School Idol Movie,Supporting,"Yazawa, Kokoa",24997,"Tokui, Sora",muse
Kyoukai no Rinne (TV),Supporting,Miho,28423,"Tokui, Sora",muse
Juuou Mujin no Fafnir,Supporting,"Lu, Ariella",24873,"Tokui, Sora",muse
Tantei Kageki Milky Holmes TD,Main,"Yuzurizaki, Nero",27629,"Tokui, Sora",muse
"Suisei no Gargantia: Meguru Kouro, Haruka",Supporting,Mayta,23319,"Tokui, Sora",muse
Love Live! School Idol Project: μ's →NEXT LoveLive! 2014 - Endless Parade Makuai Drama,Main,"Yazawa, Niko",25897,"Tokui, Sora",muse
PriPara,Supporting,Britney,23135,"Tokui, Sora",muse
Gochuumon wa Usagi Desu ka?,Supporting,"Jouga, Maya",21273,"Tokui, Sora",muse
Love Live! School Idol Project 2nd Season,Supporting,"Yazawa, Kotarou",19111,"Tokui, Sora",muse
Love Live! School Idol Project 2nd Season,Supporting,"Yazawa, Kokoa",19111,"Tokui, Sora",muse
Love Live! School Idol Project 2nd Season,Main,"Yazawa, Niko",19111,"Tokui, Sora",muse
Love Live! School Idol Project 2nd Season,Supporting,"Yazawa, Kokoro",19111,"Tokui, Sora",muse
Little Busters!: EX,Main,"Sasasegawa, Sasami",20517,"Tokui, Sora",muse
Future Card Buddyfight,Supporting,"Nanana, Paruko",19067,"Tokui, Sora",muse
Sekai de Ichiban Tsuyoku Naritai! Specials,Supporting,Hornet,21009,"Tokui, Sora",muse
Love Live! School Idol Project OVA,Main,"Yazawa, Niko",20745,"Tokui, Sora",muse
Music S.T.A.R.T!!,Main,"Yazawa, Niko",20877,"Tokui, Sora",muse
Genei wo Kakeru Taiyou: Fumikomenai Kokoro,Main,"Tsukuyomi, Luna",20187,"Tokui, Sora",muse
Sekai de Ichiban Tsuyoku Naritai!,Supporting,Hornet,11763,"Tokui, Sora",muse
Waanabi.jk,Main,"Yanagisawa, Ami",19811,"Tokui, Sora",muse
Futari wa Milky Holmes,Main,"Yuzurizaki, Nero",17267,"Tokui, Sora",muse
Fantasista Doll,Main,Katia,15883,"Tokui, Sora",muse
Hakkenden: Touhou Hakken Ibun 2nd Season,Supporting,"Inumura, Daikaku",18055,"Tokui, Sora",muse
Genei wo Kakeru Taiyou,Main,"Tsukuyomi, Luna",17651,"Tokui, Sora",muse
Suisei no Gargantia,Supporting,Mayta,16524,"Tokui, Sora",muse
Love Live! School Idol Project,Main,"Yazawa, Niko",15051,"Tokui, Sora",muse
Lupin III: Touhou Kenbunroku - Another Page,Supporting,Ami,15783,"Tokui, Sora",muse
Robotics;Notes,Main,"Daitoku, Junna",13599,"Tokui, Sora",muse
Little Busters!,Supporting,"Sasasegawa, Sasami",13655,"Tokui, Sora",muse
Wonderful Rush,Main,"Yazawa, Niko",14951,"Tokui, Sora",muse
Tantei Opera Milky Holmes: Alternative,Main,"Yuzurizaki, Nero",14647,"Tokui, Sora",muse
Chitose Get You!!,Supporting,Misaki,14277,"Tokui, Sora",muse
"Mogyutto ""Love"" de Sekkinchuu!",Main,"Yazawa, Niko",12637,"Tokui, Sora",muse
Tantei Opera Milky Holmes Dai 2 Maku,Main,"Yuzurizaki, Nero",11341,"Tokui, Sora",muse
Tantei Opera Milky Holmes: Summer Special,Supporting,"Yuzurizaki, Nero",10923,"Tokui, Sora",muse
"Natsu-iro Egao de 1, 2, Jump!",Main,"Yazawa, Niko",11033,"Tokui, Sora",muse
Snow Halation,Main,"Yazawa, Niko",9930,"Tokui, Sora",muse
Tantei Opera Milky Holmes,Main,"Yuzurizaki, Nero",7768,"Tokui, Sora",muse
Bokura no Live Kimi to no Life,Main,"Yazawa, Niko",9907,"Tokui, Sora",muse
Blend S,Staff,,34618,"Tokui, Sora",muse
Love Live! School Idol Project,Staff,,15051,"Tokui, Sora",muse
Love Live! School Idol Project 2nd Season,Staff,,19111,"Tokui, Sora",muse
Gochuumon wa Usagi Desu ka?,Staff,,21273,"Tokui, Sora",muse
Murenase! Seton Gakuen,Staff,,40483,"Tokui, Sora",muse
"Watashi, Nouryoku wa Heikinchi de tte Itta yo ne!",Staff,,37393,"Tokui, Sora",muse
Juuou Mujin no Fafnir,Staff,,24873,"Tokui, Sora",muse
Gochuumon wa Usagi Desu ka??,Staff,,29787,"Tokui, Sora",muse
Gochuumon wa Usagi Desu ka? Bloom,Staff,,38337,"Tokui, Sora",muse
Fantasista Doll,Staff,,15883,"Tokui, Sora",muse
Gochuumon wa Usagi Desu ka??: Sing for You,Staff,,38333,"Tokui, Sora",muse
Snow Halation,Staff,,9930,"Tokui, Sora",muse
Chitose Get You!!,Staff,,14277,"Tokui, Sora",muse
Bokura no Live Kimi to no Life,Staff,,9907,"Tokui, Sora",muse
Wonderful Rush,Staff,,14951,"Tokui, Sora",muse
"Natsu-iro Egao de 1, 2, Jump!",Staff,,11033,"Tokui, Sora",muse
"Mogyutto ""Love"" de Sekkinchuu!",Staff,,12637,"Tokui, Sora",muse
Music S.T.A.R.T!!,Staff,,20877,"Tokui, Sora",muse
Future Card Buddyfight,Staff,,19067,"Tokui, Sora",muse
Love Live! x Watering KissMint Collaboration CM,Staff,,32730,"Tokui, Sora",muse
Future Card Buddyfight Triple D,Staff,,32785,"Tokui, Sora",muse
Future Card Buddyfight Battsu,Staff,,34836,"Tokui, Sora",muse
Bishoujo Yuugi Unit Crane Game Girls Galaxy,Staff,,33541,"Tokui, Sora",muse
Makeruna!! Aku no Gundan!,Staff,,34888,"Tokui, Sora",muse
Choubakuretsu Ijigen Menko Battle: Gigant Shooter Tsukasa,Staff,,23511,"Tokui, Sora",muse
Fairy Tail: Final Series,Supporting,Zeref,35972,"Kusuda, Aina",muse
Long Riders!,Supporting,"Saeki, Miya",30652,"Kusuda, Aina",muse
Rilu Rilu Fairilu: Yousei no Door,Main,Rose,34754,"Kusuda, Aina",muse
"Gate: Jieitai Kanochi nite, Kaku Tatakaeri 2nd Season",Supporting,Delilah,31637,"Kusuda, Aina",muse
Million Doll,Main,Suuko,29941,"Kusuda, Aina",muse
"Gate: Jieitai Kanochi nite, Kaku Tatakaeri",Supporting,Delilah,28907,"Kusuda, Aina",muse
Love Live! The School Idol Movie,Main,"Toujou, Nozomi",24997,"Kusuda, Aina",muse
Girlfriend (Kari),Supporting,"Minaguchi, Eri",24855,"Kusuda, Aina",muse
Love Live! School Idol Project: μ's →NEXT LoveLive! 2014 - Endless Parade Makuai Drama,Main,"Toujou, Nozomi",25897,"Kusuda, Aina",muse
PriPara,Supporting,"Gozen, Sadako",23135,"Kusuda, Aina",muse
Futsuu no Joshikousei ga [Locodol] Yattemita.,Supporting,"Mikoze, Kana",22189,"Kusuda, Aina",muse
Love Live! School Idol Project 2nd Season,Main,"Toujou, Nozomi",19111,"Kusuda, Aina",muse
Music S.T.A.R.T!!,Main,"Toujou, Nozomi",20877,"Kusuda, Aina",muse
Love Live! School Idol Project OVA,Main,"Toujou, Nozomi",20745,"Kusuda, Aina",muse
Waanabi.jk,Main,"Sasanaka, Mutsu",19811,"Kusuda, Aina",muse
Love Live! School Idol Project,Main,"Toujou, Nozomi",15051,"Kusuda, Aina",muse
Wonderful Rush,Main,"Toujou, Nozomi",14951,"Kusuda, Aina",muse
"Mogyutto ""Love"" de Sekkinchuu!",Main,"Toujou, Nozomi",12637,"Kusuda, Aina",muse
"Natsu-iro Egao de 1, 2, Jump!",Main,"Toujou, Nozomi",11033,"Kusuda, Aina",muse
Snow Halation,Main,"Toujou, Nozomi",9930,"Kusuda, Aina",muse
Bokura no Live Kimi to no Life,Main,"Toujou, Nozomi",9907,"Kusuda, Aina",muse
Love Live! School Idol Project,Staff,,15051,"Kusuda, Aina",muse
Love Live! School Idol Project 2nd Season,Staff,,19111,"Kusuda, Aina",muse
Cheating Craft,Staff,,33771,"Kusuda, Aina",muse
Snow Halation,Staff,,9930,"Kusuda, Aina",muse
Bokura no Live Kimi to no Life,Staff,,9907,"Kusuda, Aina",muse
Wonderful Rush,Staff,,14951,"Kusuda, Aina",muse
"Natsu-iro Egao de 1, 2, Jump!",Staff,,11033,"Kusuda, Aina",muse
"Mogyutto ""Love"" de Sekkinchuu!",Staff,,12637,"Kusuda, Aina",muse
Music S.T.A.R.T!!,Staff,,20877,"Kusuda, Aina",muse
Love Live! x Watering KissMint Collaboration CM,Staff,,32730,"Kusuda, Aina",muse
Ladyspo,Staff,,37448,"Kusuda, Aina",muse
Honzuki no Gekokujou: Shisho ni Naru Tame ni wa Shudan wo Erandeiraremasen 3rd Season,Supporting,Frida,42429,"Uchida, Aya",muse
Magia Record: Mahou Shoujo Madoka☆Magica Gaiden (TV) 2nd Season - Kakusei Zenya,Supporting,"Amane, Tsukasa",41530,"Uchida, Aya",muse
Fumetsu no Anata e,Supporting,Parona,41025,"Uchida, Aya",muse
Hortensia Saga (TV),Supporting,"Morimol, Kuu",40961,"Uchida, Aya",muse
Rail Romanesque,Main,Ran,40958,"Uchida, Aya",muse
Honzuki no Gekokujou: Shisho ni Naru Tame ni wa Shudan wo Erandeiraremasen 2nd Season,Supporting,Frida,40815,"Uchida, Aya",muse
Magia Record: Mahou Shoujo Madoka☆Magica Gaiden (TV),Supporting,"Amane, Tsukasa",38256,"Uchida, Aya",muse
Kandagawa Jet Girls,Supporting,"Misuda, Inori",40196,"Uchida, Aya",muse
Honzuki no Gekokujou: Shisho ni Naru Tame ni wa Shudan wo Erandeiraremasen,Supporting,Frida,39468,"Uchida, Aya",muse
Kemono Friends 2,Main,Lucky Beast,35313,"Uchida, Aya",muse
Kemono Friends 2,Supporting,Kaban,35313,"Uchida, Aya",muse
5-toubun no Hanayome,Supporting,Matsui,38101,"Uchida, Aya",muse
Release the Spyce,Main,"Aoba, Hatsume",37221,"Uchida, Aya",muse
Tonari no Kyuuketsuki-san,Supporting,"Aoki, Yuu",37579,"Uchida, Aya",muse
Youkoso Japari Park,Main,Mirai,37980,"Uchida, Aya",muse
Youkoso Japari Park,Main,Lucky Beast,37980,"Uchida, Aya",muse
Aguu: Tensai Ningyou,Supporting,Karurichi,37769,"Uchida, Aya",muse
Hyakuren no Haou to Seiyaku no Valkyria,Supporting,"Shimoya, Mizuki",37446,"Uchida, Aya",muse
Full Metal Panic! Invisible Victory,Supporting,"Shinohara, Sachi",31931,"Uchida, Aya",muse
Omae wa Mada Gunma wo Shiranai,Main,"Shinooka, Kyou",37258,"Uchida, Aya",muse
Black Clover,Supporting,Sylph,34572,"Uchida, Aya",muse
Black Clover,Supporting,"Tormenta, Fragil",34572,"Uchida, Aya",muse
Uma no Friends,Main,Kaban,36119,"Uchida, Aya",muse
Trinity Seven Movie 1: Eternity Library to Alchemic Girl,Main,"Kannazuki, Arin",33581,"Uchida, Aya",muse
Kemono Friends,Main,Lucky Beast,33089,"Uchida, Aya",muse
Kemono Friends,Supporting,Mirai,33089,"Uchida, Aya",muse
Kemono Friends,Main,Kaban,33089,"Uchida, Aya",muse
Chain Chronicle: Haecceitas no Hikari,Supporting,Marina,28833,"Uchida, Aya",muse
Bishoujo Yuugi Unit Crane Game Girls Galaxy,Main,Hikaru,33541,"Uchida, Aya",muse
Shuumatsu no Izetta,Supporting,Bianca,33433,"Uchida, Aya",muse
Danganronpa 3: The End of Kibougamine Gakuen - Kibou-hen,Supporting,"Naegi, Komaru",34103,"Uchida, Aya",muse
Danganronpa 3: The End of Kibougamine Gakuen - Mirai-hen,Supporting,"Naegi, Komaru",32189,"Uchida, Aya",muse
Big Order (TV),Supporting,"Minamoto, Nene",31904,"Uchida, Aya",muse
Tamayura: Sotsugyou Shashin Part 4 - Ashita,Supporting,"Shindou, Takumi",29831,"Uchida, Aya",muse
Rilu Rilu Fairilu: Yousei no Door,Main,Himawari,34754,"Uchida, Aya",muse
Tamayura: Sotsugyou Shashin Part 3 - Akogare,Supporting,"Shindou, Takumi",29830,"Uchida, Aya",muse
Yuru Yuri San☆Hai!,Supporting,"Furutani, Kaede",30279,"Uchida, Aya",muse
Komori-san wa Kotowarenai!,Main,"Komori, Shuri",31091,"Uchida, Aya",muse
Tamayura: Sotsugyou Shashin Part 2 - Hibiki,Supporting,"Shindou, Takumi",29829,"Uchida, Aya",muse
Million Doll,Supporting,"Kamakura, Hinami",29941,"Uchida, Aya",muse
Jitsu wa Watashi wa,Supporting,"Shishido, Shiho",29785,"Uchida, Aya",muse
Love Live! The School Idol Movie,Main,"Minami, Kotori",24997,"Uchida, Aya",muse
Tamayura: Sotsugyou Shashin Part 1 - Kizashi,Supporting,"Shindou, Takumi",25729,"Uchida, Aya",muse
Re-Kan!,Supporting,Ko-gal Spirit,25859,"Uchida, Aya",muse
Trinity Seven: Nanatsu no Taizai to Nana Madoushi,Main,"Kannazuki, Arin",28285,"Uchida, Aya",muse
Yuru Yuri Nachuyachumi!,Supporting,"Furutani, Kaede",23225,"Uchida, Aya",muse
Choboraunyopomi Gekijou Dai Ni Maku Ai Mai Mii: Mousou Catastrophe Special,Main,Mai,25439,"Uchida, Aya",muse
Trinity Seven,Main,"Kannazuki, Arin",25157,"Uchida, Aya",muse
Chain Chronicle: Short Animation,Supporting,Bariena,25431,"Uchida, Aya",muse
Love Live! School Idol Project: μ's →NEXT LoveLive! 2014 - Endless Parade Makuai Drama,Main,"Minami, Kotori",25897,"Uchida, Aya",muse
Choboraunyopomi Gekijou Dai Ni Maku Ai Mai Mii: Mousou Catastrophe,Main,Mai,23551,"Uchida, Aya",muse
Love Live! School Idol Project 2nd Season,Main,"Minami, Kotori",19111,"Uchida, Aya",muse
Yuusha ni Narenakatta Ore wa Shibushibu Shuushoku wo Ketsui Shimashita. OVA,Main,"Chaser, Miuri",20545,"Uchida, Aya",muse
Zetsumetsu Kigu Shoujo: Amazing Twins,Main,"Todoroki, Amane",19953,"Uchida, Aya",muse
Z/X: Ignition,Supporting,Rigel,20533,"Uchida, Aya",muse
Music S.T.A.R.T!!,Main,"Minami, Kotori",20877,"Uchida, Aya",muse
Love Live! School Idol Project OVA,Main,"Minami, Kotori",20745,"Uchida, Aya",muse
Freezing Vibration,Supporting,"Phenyl, Ticy",18001,"Uchida, Aya",muse
Recorder to Randoseru Mi☆,Supporting,Hina-chan,18099,"Uchida, Aya",muse
Devil Survivor 2 The Animation,Main,"Nitta, Io",16512,"Uchida, Aya",muse
Vividred Operation,Main,"Shinomiya, Himawari",14283,"Uchida, Aya",muse
Love Live! School Idol Project,Main,"Minami, Kotori",15051,"Uchida, Aya",muse
Choboraunyopomi Gekijou Ai Mai Mii,Main,Mai,16169,"Uchida, Aya",muse
Wonderful Rush,Main,"Minami, Kotori",14951,"Uchida, Aya",muse
Recorder to Randoseru,Supporting,Hina-chan,14627,"Uchida, Aya",muse
"Dakara Boku wa, H ga Dekinai.",Supporting,Urus,12549,"Uchida, Aya",muse
Yuru Yuri♪♪,Supporting,"Furutani, Kaede",12403,"Uchida, Aya",muse
Uchuu Senkan Yamato 2199,Supporting,"Misaki, Yuria",12029,"Uchida, Aya",muse
Recorder to Randoseru Re♪,Supporting,Hina-chan,13377,"Uchida, Aya",muse
Strike Witches Movie,Main,"Hattori, Shizuka",9751,"Uchida, Aya",muse
"Mogyutto ""Love"" de Sekkinchuu!",Main,"Minami, Kotori",12637,"Uchida, Aya",muse
Recorder to Randoseru Do♪,Supporting,Hina-chan,11491,"Uchida, Aya",muse
Rio: Rainbow Gate! Special,Supporting,"Adams, Ille",10301,"Uchida, Aya",muse
Rio: Rainbow Gate! Special,Supporting,"Adams, Elle",10301,"Uchida, Aya",muse
"Natsu-iro Egao de 1, 2, Jump!",Main,"Minami, Kotori",11033,"Uchida, Aya",muse
Baby Princess 3D Paradise 0 [Love],Main,"Amatsuka, Hotaru",10196,"Uchida, Aya",muse
Mawaru Penguindrum,Supporting,Aoi,10721,"Uchida, Aya",muse
Yuru Yuri,Supporting,"Furutani, Kaede",10495,"Uchida, Aya",muse
Mitsudomoe Zouryouchuu!,Supporting,"Katou, Mayumi",9510,"Uchida, Aya",muse
Freezing,Supporting,"Phenyl, Ticy",9367,"Uchida, Aya",muse
Rio: Rainbow Gate!,Supporting,"Adams, Elle",8241,"Uchida, Aya",muse
Rio: Rainbow Gate!,Supporting,"Adams, Ille",8241,"Uchida, Aya",muse
Snow Halation,Main,"Minami, Kotori",9930,"Uchida, Aya",muse
Bokura no Live Kimi to no Life,Main,"Minami, Kotori",9907,"Uchida, Aya",muse
Mitsudomoe,Supporting,"Katou, Mayumi",7627,"Uchida, Aya",muse
Kiddy GiRL-AND,Main,Ascoeur,3349,"Uchida, Aya",muse
Miracle☆Train: Oedo-sen e Youkoso,Supporting,Chinatsu,7103,"Uchida, Aya",muse
Yume-iro Pâtissière,Supporting,"Hayami, Erika",6586,"Uchida, Aya",muse
5-toubun no Hanayome,Staff,,38101,"Uchida, Aya",muse
Baby Princess 3D Paradise 0 [Love],Staff,,10196,"Uchida, Aya",muse
Bokura no Live Kimi to no Life,Staff,,9907,"Uchida, Aya",muse
Choboraunyopomi Gekijou Ai Mai Mii,Staff,,16169,"Uchida, Aya",muse
Gunma-chan,Staff,,49184,"Uchida, Aya",muse
Hyakuren no Haou to Seiyaku no Valkyria,Staff,,37446,"Uchida, Aya",muse
Infinite Dendrogram,Staff,,38909,"Uchida, Aya",muse
Kiddy GiRL-AND,Staff,,3349,"Uchida, Aya",muse
Love Live! School Idol Project,Staff,,15051,"Uchida, Aya",muse
Love Live! School Idol Project 2nd Season,Staff,,19111,"Uchida, Aya",muse
Love Live! x Watering KissMint Collaboration CM,Staff,,32730,"Uchida, Aya",muse
"Mogyutto ""Love"" de Sekkinchuu!",Staff,,12637,"Uchida, Aya",muse
Music S.T.A.R.T!!,Staff,,20877,"Uchida, Aya",muse
"Natsu-iro Egao de 1, 2, Jump!",Staff,,11033,"Uchida, Aya",muse
Omae wa Mada Gunma wo Shiranai,Staff,,37258,"Uchida, Aya",muse
Snow Halation,Staff,,9930,"Uchida, Aya",muse
Trinity Seven,Staff,,25157,"Uchida, Aya",muse
Vividred Operation,Staff,,14283,"Uchida, Aya",muse
Wonderful Rush,Staff,,14951,"Uchida, Aya",muse
Yakunara Mug Cup mo,Staff,,42568,"Uchida, Aya",muse
Yakunara Mug Cup mo: Niban Gama,Staff,,49263,"Uchida, Aya",muse
180 Byou de Kimi no Mimi wo Shiawase ni Dekiru ka?,Main,"Kagami, Shuusui",48858,"Mimori, Suzuko",muse
Puraore! Pride of Orange,Supporting,"Yamanaka, Eri",44274,"Mimori, Suzuko",muse
Yuuki Yuuna wa Yuusha de Aru Churutto!,Main,"Tougou, Mimori",42071,"Mimori, Suzuko",muse
Jouran: The Princess of Snow and Blood,Main,"Yukimura, Sawa",47250,"Mimori, Suzuko",muse
Odd Taxi,Supporting,"Nikaidou, Rui",46102,"Mimori, Suzuko",muse
Grisaia: Phantom Trigger The Animation - Stargazer,Supporting,"Kumashiro, Megumi",42392,"Mimori, Suzuko",muse
Dragon's Dogma,Supporting,Saray,39519,"Mimori, Suzuko",muse
Shoujo☆Kageki Revue Starlight: Rondo Rondo Rondo,Main,"Kagura, Hikari",40665,"Mimori, Suzuko",muse
Hulaing Babies Aratame: Staying Babies,Main,Mona,42145,"Mimori, Suzuko",muse
Digimon Adventure: Last Evolution Kizuna,Main,"Takenouchi, Sora",38088,"Mimori, Suzuko",muse
Healin' Good♡Precure,Main,"Fuurin, Asumi",40610,"Mimori, Suzuko",muse
Hulaing Babies Petit,Main,Mona,40758,"Mimori, Suzuko",muse
Mini Yuri,Supporting,"Furutani, Himawari",40369,"Mimori, Suzuko",muse
"Yuru Yuri,",Supporting,"Furutani, Himawari",37773,"Mimori, Suzuko",muse
Majimoji Rurumo: Kanketsu-hen,Main,"Maji Mojiruka, Rurumo",38357,"Mimori, Suzuko",muse
Kawaikereba Hentai demo Suki ni Natte Kuremasu ka?,Supporting,Okita-sensei,39326,"Mimori, Suzuko",muse
Shoujo☆Conto All Starlight,Main,"Kagura, Hikari",39643,"Mimori, Suzuko",muse
Kiratto Pri☆chan Season 2,Supporting,"Shiratori, Anju",38804,"Mimori, Suzuko",muse
Hangyakusei Million Arthur 2nd Season,Main,Bodach,38268,"Mimori, Suzuko",muse
Grisaia: Phantom Trigger The Animation,Supporting,"Kumashiro, Megumi",35868,"Mimori, Suzuko",muse
Hulaing Babies,Main,Mona,34332,"Mimori, Suzuko",muse
Meiji Tokyo Renka,Supporting,"Higuchi, Ichiyou",34209,"Mimori, Suzuko",muse
Rinshi!! Ekoda-chan,Main,Ekoda-chan,38162,"Mimori, Suzuko",muse
Saint Seiya: Saintia Shou,Main,"Ursa Minor, Xiaoling",34539,"Mimori, Suzuko",muse
Nissin Men-nashi Donbei x Himote House,Main,"Himote, Kinami",38899,"Mimori, Suzuko",muse
Hangyakusei Million Arthur,Main,Bodach,37555,"Mimori, Suzuko",muse
Tokyo Ghoul:re 2nd Season,Supporting,"Hoito, Roma",37799,"Mimori, Suzuko",muse
Himote House,Main,"Himote, Kinami",36945,"Mimori, Suzuko",muse
Fairy Tail: Final Series,Supporting,"Fiore, Hisui E.",35972,"Mimori, Suzuko",muse
SSSS.Gridman,Supporting,Namiko,35847,"Mimori, Suzuko",muse
Itsuka Aeru Kimi ni,Main,An,38473,"Mimori, Suzuko",muse
Devidol!,Main,Aira,38284,"Mimori, Suzuko",muse
Shoujo☆Kageki Revue Starlight,Main,"Kagura, Hikari",35503,"Mimori, Suzuko",muse
Digimon Adventure tri. 6: Bokura no Mirai,Main,"Takenouchi, Sora",36466,"Mimori, Suzuko",muse
Isekai Izakaya: Koto Aitheria no Izakaya Nobu,Main,"Senke, Shinobu",34420,"Mimori, Suzuko",muse
High School DxD Hero: Taiikukan-ura no Holy,Supporting,Ophis,37719,"Mimori, Suzuko",muse
Kiratto Pri☆chan,Supporting,"Shiratori, Anju",37178,"Mimori, Suzuko",muse
Cutie Honey Universe,Main,"Kisaragi, Honey",36976,"Mimori, Suzuko",muse
Nobunaga no Shinobi: Anegawa Ishiyama-hen,Supporting,Chacha,37126,"Mimori, Suzuko",muse
Nobunaga no Shinobi: Anegawa Ishiyama-hen,Supporting,Oichi,37126,"Mimori, Suzuko",muse
Tokyo Ghoul:re,Supporting,"Hoito, Roma",36511,"Mimori, Suzuko",muse
Poputepipikku,Main,Pipimi,35330,"Mimori, Suzuko",muse
Yuuki Yuuna wa Yuusha de Aru: Yuusha no Shou,Main,"Tougou, Mimori",34445,"Mimori, Suzuko",muse
Hitorigurashi no Shougakusei,Supporting,"Kanemi, Mieko",35235,"Mimori, Suzuko",muse
Yuuki Yuuna wa Yuusha de Aru: Washio Sumi no Shou,Main,"Tougou, Mimori",34284,"Mimori, Suzuko",muse
Digimon Adventure tri. 5: Kyousei,Main,"Takenouchi, Sora",34962,"Mimori, Suzuko",muse
Nissin no Donbei x Kemono Friends,Main,Kitakitsune,36339,"Mimori, Suzuko",muse
Kimi no Koe wo Todoketai,Main,"Yazawa, Shion",33218,"Mimori, Suzuko",muse
Teekyuu 9,Main,"Shinjou, Kanae",35370,"Mimori, Suzuko",muse
Yuuki Yuuna wa Yuusha de Aru: Washio Sumi no Shou 3 - Yakusoku,Main,"Tougou, Mimori",34376,"Mimori, Suzuko",muse
Hina Logi: From Luck & Logic,Main,"Tachibana, Yayoi",34834,"Mimori, Suzuko",muse
One Room Special,Main,"Aoshima, Moka",34733,"Mimori, Suzuko",muse
Fairy Tail Movie 2: Dragon Cry,Supporting,"Fiore, Hisui E.",30778,"Mimori, Suzuko",muse
Yuuki Yuuna wa Yuusha de Aru: Washio Sumi no Shou 2 - Tamashii,Main,"Tougou, Mimori",34375,"Mimori, Suzuko",muse
Kyoukai no Rinne (TV) 3rd Season,Supporting,Suzu,34106,"Mimori, Suzuko",muse
Nobunaga no Shinobi: Ise Kanegasaki-hen,Supporting,Oichi,34978,"Mimori, Suzuko",muse
Yuuki Yuuna wa Yuusha de Aru: Washio Sumi no Shou 1 - Tomodachi,Main,"Tougou, Mimori",34374,"Mimori, Suzuko",muse
Digimon Adventure tri. 4: Soushitsu,Main,"Takenouchi, Sora",34299,"Mimori, Suzuko",muse
BanG Dream!,Supporting,"Ushigome, Yuri",33573,"Mimori, Suzuko",muse
Super Danganronpa 2.5: Komaeda Nagito to Sekai no Hakaimono,Supporting,"Saionji, Hiyoko",34152,"Mimori, Suzuko",muse
One Room,Main,"Aoshima, Moka",34392,"Mimori, Suzuko",muse
Kemono Friends,Supporting,Kitakitsune,33089,"Mimori, Suzuko",muse
ChäoS;Child,Supporting,"Arimura, Hinae",30485,"Mimori, Suzuko",muse
Masamune-kun no Revenge,Supporting,"Fujinomiya, Neko",33487,"Mimori, Suzuko",muse
Akiba's Trip The Animation,Supporting,Miumiu,34051,"Mimori, Suzuko",muse
Tantei Opera Milky Holmes: Fun Fun Party Night♪ - Ken to Janet no Okurimono,Main,"Shellingford, Sherlock",33308,"Mimori, Suzuko",muse
"Kamisama Hajimemashita: Kamisama, Shiawase ni Naru",Main,"Momozono, Nanami",33323,"Mimori, Suzuko",muse
Teekyuu 8,Main,"Shinjou, Kanae",33811,"Mimori, Suzuko",muse
Nobunaga no Shinobi,Supporting,Oichi,32829,"Mimori, Suzuko",muse
Tiger Mask W,Supporting,"Takaoka, Haruna",32881,"Mimori, Suzuko",muse
Danganronpa 3: The End of Kibougamine Gakuen - Kibou-hen,Supporting,"Saionji, Hiyoko",34103,"Mimori, Suzuko",muse
Digimon Adventure tri. 3: Kokuhaku,Main,"Takenouchi, Sora",32551,"Mimori, Suzuko",muse
Danganronpa 3: The End of Kibougamine Gakuen - Zetsubou-hen,Supporting,"Saionji, Hiyoko",33028,"Mimori, Suzuko",muse
Mahou Shoujo? Naria☆Girls,Supporting,Pink no Majuu,33394,"Mimori, Suzuko",muse
Kamiwaza Wanda,Supporting,Mirai,32568,"Mimori, Suzuko",muse
Usakame,Supporting,"Shinjou, Kanae",32454,"Mimori, Suzuko",muse
Kyoukai no Rinne (TV) 2nd Season,Supporting,Suzu,31610,"Mimori, Suzuko",muse
Onigiri,Main,Ibaraki-douji,32606,"Mimori, Suzuko",muse
Onigiri,Supporting,Sakura,32606,"Mimori, Suzuko",muse
Digimon Adventure tri. 2: Ketsui,Main,"Takenouchi, Sora",32108,"Mimori, Suzuko",muse
Tantei Opera Milky Holmes Movie: Gyakushuu no Milky Holmes,Main,"Shellingford, Sherlock",31486,"Mimori, Suzuko",muse
Teekyuu 7,Main,"Shinjou, Kanae",32228,"Mimori, Suzuko",muse
Luck & Logic,Supporting,Logigraph,32083,"Mimori, Suzuko",muse
Magical Suite Prism Nana,Main,"Washioka, Itaru",15407,"Mimori, Suzuko",muse
Digimon Adventure tri. 1: Saikai,Main,"Takenouchi, Sora",25687,"Mimori, Suzuko",muse
Yuru Yuri San☆Hai!,Supporting,"Furutani, Himawari",30279,"Mimori, Suzuko",muse
Teekyuu 6,Main,"Shinjou, Kanae",31440,"Mimori, Suzuko",muse
Comet Lucifer,Supporting,"Aniance, Malvina",31318,"Mimori, Suzuko",muse
Aoki Hagane no Arpeggio: Ars Nova Movie 2 - Cadenza,Supporting,Ashigara,24921,"Mimori, Suzuko",muse
Lance N' Masques,Main,"Cleveland, Alice",24011,"Mimori, Suzuko",muse
Yuru Yuri Nachuyachumi!+,Supporting,"Furutani, Himawari",30902,"Mimori, Suzuko",muse
Kamisama Hajimemashita: Kako-hen,Main,"Momozono, Nanami",30709,"Mimori, Suzuko",muse
Teekyuu 5,Main,"Shinjou, Kanae",30567,"Mimori, Suzuko",muse
Love Live! The School Idol Movie,Main,"Sonoda, Umi",24997,"Mimori, Suzuko",muse
Takamiya Nasuno Desu!: Teekyuu Spin-off,Supporting,"Shinjou, Kanae",28861,"Mimori, Suzuko",muse
Teekyuu 4,Main,"Shinjou, Kanae",26395,"Mimori, Suzuko",muse
Denpa Kyoushi (TV),Supporting,"Hiiragi, Koyomi",29589,"Mimori, Suzuko",muse
High School DxD BorN,Supporting,Ophis,24703,"Mimori, Suzuko",muse
Senran Kagura Estival Versus: Mizugi-darake no Zenyasai,Supporting,Suzune,27967,"Mimori, Suzuko",muse
Yuru Yuri Nachuyachumi!,Supporting,"Furutani, Himawari",23225,"Mimori, Suzuko",muse
Aoki Hagane no Arpeggio: Ars Nova Movie 1 - DC,Supporting,Ashigara,24919,"Mimori, Suzuko",muse
Tokyo Ghoul √A,Supporting,"Hoito, Roma",27899,"Mimori, Suzuko",muse
Kamisama Hajimemashita◎,Main,"Momozono, Nanami",25681,"Mimori, Suzuko",muse
Tantei Kageki Milky Holmes TD,Main,"Shellingford, Sherlock",27629,"Mimori, Suzuko",muse
IS: Infinite Stratos 2 - World Purge-hen,Main,"Sarashiki, Kanzashi",21653,"Mimori, Suzuko",muse
Yuuki Yuuna wa Yuusha de Aru,Main,"Tougou, Mimori",25519,"Mimori, Suzuko",muse
gdgd Fairies Movie: tte Iu Eiga wa Dou kana...?,Main,Pikupiku,24071,"Mimori, Suzuko",muse
Cardfight!! Vanguard Movie: Neon Messiah,Supporting,"Tatsunagi, Kourin",23991,"Mimori, Suzuko",muse
Love Live! School Idol Project: μ's →NEXT LoveLive! 2014 - Endless Parade Makuai Drama,Main,"Sonoda, Umi",25897,"Mimori, Suzuko",muse
Majimoji Rurumo,Main,"Maji Mojiruka, Rurumo",23945,"Mimori, Suzuko",muse
Momo Kyun Sword,Supporting,Suika,22225,"Mimori, Suzuko",muse
Maido! Urayasu Tekkin Kazoku,Main,"Oosawagi, Kotetsu",24417,"Mimori, Suzuko",muse
PriPara,Supporting,Sarah,23135,"Mimori, Suzuko",muse
GJ-bu@,Main,"Sumeragi, Shion",21635,"Mimori, Suzuko",muse
Love Live! School Idol Project 2nd Season,Main,"Sonoda, Umi",19111,"Mimori, Suzuko",muse
Fairy Tail (2014),Supporting,"Fiore, Hisui E.",22043,"Mimori, Suzuko",muse
Cardfight!! Vanguard: Legion Mate-hen,Supporting,"Tatsunagi, Kourin",21729,"Mimori, Suzuko",muse
Mouretsu Pirates: Abyss of Hyperspace,Supporting,"Percy, Berinda",14817,"Mimori, Suzuko",muse
Future Card Buddyfight,Supporting,"Mikado, Hanako",19067,"Mimori, Suzuko",muse
Future Card Buddyfight,Supporting,"Kisaragi, Akatsuki",19067,"Mimori, Suzuko",muse
Freezing Vibration Specials,Supporting,"Evans, Amelia",21373,"Mimori, Suzuko",muse
Sekai de Ichiban Tsuyoku Naritai! Specials,Supporting,"Suzumoto, Chinatsu",21009,"Mimori, Suzuko",muse
Love Live! School Idol Project OVA,Main,"Sonoda, Umi",20745,"Mimori, Suzuko",muse
Music S.T.A.R.T!!,Main,"Sonoda, Umi",20877,"Mimori, Suzuko",muse
Teekyuu 2 Specials,Supporting,"Shinjou, Kanae",21201,"Mimori, Suzuko",muse
Hana no Zundamaru,Main,Zundamaru,20873,"Mimori, Suzuko",muse
Teekyuu 3,Main,"Shinjou, Kanae",20473,"Mimori, Suzuko",muse
Sekai de Ichiban Tsuyoku Naritai!,Supporting,"Suzumoto, Chinatsu",11763,"Mimori, Suzuko",muse
Outbreak Company,Main,"Foaran, Myucel",19369,"Mimori, Suzuko",muse
Freezing Vibration,Main,"Evans, Amelia",18001,"Mimori, Suzuko",muse
IS: Infinite Stratos 2,Supporting,"Sarashiki, Kanzashi",18247,"Mimori, Suzuko",muse
Kamisama Hajimemashita OVA,Main,"Momozono, Nanami",18661,"Mimori, Suzuko",muse
Futari wa Milky Holmes,Main,"Shellingford, Sherlock",17267,"Mimori, Suzuko",muse
High School DxD New,Supporting,Ophis,15451,"Mimori, Suzuko",muse
Teekyuu 2,Main,"Shinjou, Kanae",18121,"Mimori, Suzuko",muse
Hiiro no Kakera: Totsugeki! Tonari no Ikemenzu,Main,"Takara, Kiyono",16928,"Mimori, Suzuko",muse
Cardfight!! Vanguard: Link Joker-hen,Main,"Tatsunagi, Kourin",15611,"Mimori, Suzuko",muse
gdgd Fairies 2,Main,Pikupiku,16726,"Mimori, Suzuko",muse
gdgd Fairies 2,Supporting,Kurukuru,16726,"Mimori, Suzuko",muse
GJ-bu,Main,"Sumeragi, Shion",14811,"Mimori, Suzuko",muse
Senran Kagura,Supporting,Suzune,15119,"Mimori, Suzuko",muse
Love Live! School Idol Project,Main,"Sonoda, Umi",15051,"Mimori, Suzuko",muse
gdgd Fairies 2 Episode 0,Main,Pikupiku,16912,"Mimori, Suzuko",muse
Aoi Sekai no Chuushin de,Main,Nel,15133,"Mimori, Suzuko",muse
Teekyuu,Main,"Shinjou, Kanae",15125,"Mimori, Suzuko",muse
Btooom!,Main,Himiko,14345,"Mimori, Suzuko",muse
Kamisama Hajimemashita,Main,"Momozono, Nanami",14713,"Mimori, Suzuko",muse
Kamisama Hajimemashita,Supporting,Yukiji,14713,"Mimori, Suzuko",muse
Hiiro no Kakera Dai Ni Shou,Supporting,"Takara, Kiyono",14645,"Mimori, Suzuko",muse
Wonderful Rush,Main,"Sonoda, Umi",14951,"Mimori, Suzuko",muse
Tantei Opera Milky Holmes: Alternative,Main,"Shellingford, Sherlock",14647,"Mimori, Suzuko",muse
Oda Nobuna no Yabou,Supporting,"Matsudaira, Motoyasu",11933,"Mimori, Suzuko",muse
Rinne no Lagrange Season 2,Supporting,"Kondou, Michi",12281,"Mimori, Suzuko",muse
Yuru Yuri♪♪,Supporting,"Furutani, Himawari",12403,"Mimori, Suzuko",muse
Queen's Blade: Rebellion Specials,Main,Eilin,13855,"Mimori, Suzuko",muse
Asa made Jugyou Chu!,Main,"Takabane, Risa",12581,"Mimori, Suzuko",muse
Rinne no Lagrange: Kamogawa Days,Supporting,"Kondou, Michi",13727,"Mimori, Suzuko",muse
Cardfight!! Vanguard: Asia Circuit-hen,Supporting,"Tatsunagi, Kourin",13145,"Mimori, Suzuko",muse
Queen's Blade: Rebellion,Supporting,Eilin,11859,"Mimori, Suzuko",muse
Hiiro no Kakera,Supporting,"Takara, Kiyono",12461,"Mimori, Suzuko",muse
Rinne no Lagrange Specials,Supporting,"Kondou, Michi",14583,"Mimori, Suzuko",muse
"Mogyutto ""Love"" de Sekkinchuu!",Main,"Sonoda, Umi",12637,"Mimori, Suzuko",muse
Poyopoyo Kansatsu Nikki,Main,"Satou, Moe",12021,"Mimori, Suzuko",muse
Mouretsu Pirates,Supporting,"Percy, Berinda",8917,"Mimori, Suzuko",muse
Rinne no Lagrange,Supporting,"Kondou, Michi",11227,"Mimori, Suzuko",muse
Tantei Opera Milky Holmes Dai 2 Maku,Main,"Shellingford, Sherlock",11341,"Mimori, Suzuko",muse
Busou Chuugakusei: Basket Army,Main,"Kanou, Nanami",12157,"Mimori, Suzuko",muse
gdgd Fairies,Main,Pikupiku,11809,"Mimori, Suzuko",muse
Tantei Opera Milky Holmes: Summer Special,Main,"Shellingford, Sherlock",10923,"Mimori, Suzuko",muse
"Natsu-iro Egao de 1, 2, Jump!",Main,"Sonoda, Umi",11033,"Mimori, Suzuko",muse
Baby Princess 3D Paradise 0 [Love],Supporting,"Amatsuka, Seika",10196,"Mimori, Suzuko",muse
Yuru Yuri,Supporting,"Furutani, Himawari",10495,"Mimori, Suzuko",muse
T.P. Sakura: Time Paladin Sakura,Main,"Yoshino, Sakura",9393,"Mimori, Suzuko",muse
Cardfight!! Vanguard,Supporting,"Tatsunagi, Kourin",9539,"Mimori, Suzuko",muse
Snow Halation,Main,"Sonoda, Umi",9930,"Mimori, Suzuko",muse
Tantei Opera Milky Holmes,Main,"Shellingford, Sherlock",7768,"Mimori, Suzuko",muse
Bokura no Live Kimi to no Life,Main,"Sonoda, Umi",9907,"Mimori, Suzuko",muse
Love Live! School Idol Project,Staff,,15051,"Mimori, Suzuko",muse
IS: Infinite Stratos 2,Staff,,18247,"Mimori, Suzuko",muse
Outbreak Company,Staff,,19369,"Mimori, Suzuko",muse
Kamisama Hajimemashita◎,Staff,,25681,"Mimori, Suzuko",muse
Love Live! School Idol Project 2nd Season,Staff,,19111,"Mimori, Suzuko",muse
Odd Taxi,Staff,,46102,"Mimori, Suzuko",muse
Diamond no Ace,Staff,,18689,"Mimori, Suzuko",muse
GJ-bu,Staff,,14811,"Mimori, Suzuko",muse
Yuuki Yuuna wa Yuusha de Aru,Staff,,25519,"Mimori, Suzuko",muse
Diamond no Ace: Second Season,Staff,,30230,"Mimori, Suzuko",muse
One Room,Staff,,34392,"Mimori, Suzuko",muse
Seisen Cerberus: Ryuukoku no Fatalités,Staff,,32595,"Mimori, Suzuko",muse
IS: Infinite Stratos 2 - World Purge-hen,Staff,,21653,"Mimori, Suzuko",muse
Diamond no Ace: Act II,Staff,,38731,"Mimori, Suzuko",muse
Majimoji Rurumo,Staff,,23945,"Mimori, Suzuko",muse
Shoujo☆Kageki Revue Starlight,Staff,,35503,"Mimori, Suzuko",muse
Asa made Jugyou Chu!,Staff,,12581,"Mimori, Suzuko",muse
Lance N' Masques,Staff,,24011,"Mimori, Suzuko",muse
Aoi Sekai no Chuushin de,Staff,,15133,"Mimori, Suzuko",muse
Yuuki Yuuna wa Yuusha de Aru: Washio Sumi no Shou,Staff,,34284,"Mimori, Suzuko",muse
Yuuki Yuuna wa Yuusha de Aru: Yuusha no Shou,Staff,,34445,"Mimori, Suzuko",muse
GJ-bu@,Staff,,21635,"Mimori, Suzuko",muse
Momo Kyun Sword,Staff,,22225,"Mimori, Suzuko",muse
Baby Princess 3D Paradise 0 [Love],Staff,,10196,"Mimori, Suzuko",muse
Snow Halation,Staff,,9930,"Mimori, Suzuko",muse
Teekyuu 4,Staff,,26395,"Mimori, Suzuko",muse
Cardfight!! Vanguard: Link Joker-hen,Staff,,15611,"Mimori, Suzuko",muse
Bokura no Live Kimi to no Life,Staff,,9907,"Mimori, Suzuko",muse
Teekyuu 7,Staff,,32228,"Mimori, Suzuko",muse
Yuuki Yuuna wa Yuusha de Aru: Washio Sumi no Shou 1 - Tomodachi,Staff,,34374,"Mimori, Suzuko",muse
Wonderful Rush,Staff,,14951,"Mimori, Suzuko",muse
Yuuki Yuuna wa Yuusha de Aru: Washio Sumi no Shou 3 - Yakusoku,Staff,,34376,"Mimori, Suzuko",muse
"Natsu-iro Egao de 1, 2, Jump!",Staff,,11033,"Mimori, Suzuko",muse
"Mogyutto ""Love"" de Sekkinchuu!",Staff,,12637,"Mimori, Suzuko",muse
Music S.T.A.R.T!!,Staff,,20877,"Mimori, Suzuko",muse
Future Card Buddyfight,Staff,,19067,"Mimori, Suzuko",muse
Cardfight!! Vanguard Movie: Neon Messiah,Staff,,23991,"Mimori, Suzuko",muse
Love Live! x Watering KissMint Collaboration CM,Staff,,32730,"Mimori, Suzuko",muse
gdgd Fairies,Staff,,11809,"Mimori, Suzuko",muse
Teekyuu 7 Specials,Staff,,32817,"Mimori, Suzuko",muse
Princess Connect! Re:Dive,Supporting,Mahiru,39292,"Nitta, Emi",muse
Okojo to Yamane,Main,Okojo,37780,"Nitta, Emi",muse
Caligula (TV),Supporting,Sweet-P,36828,"Nitta, Emi",muse
Kaito x Ansa,Supporting,"Takaragawa, Hinata",34725,"Nitta, Emi",muse
18if,Supporting,Misaki,35248,"Nitta, Emi",muse
Cardfight!! Vanguard G: Stride Gate-hen,Main,"Anjou, Tokoha",32802,"Nitta, Emi",muse
Phantasy Star Online 2 The Animation,Supporting,Silva,31223,"Nitta, Emi",muse
Cardfight!! Vanguard G: GIRS Crisis-hen,Main,"Anjou, Tokoha",31196,"Nitta, Emi",muse
Change Our Mirai!,Main,"Akesaka, Serina",31300,"Nitta, Emi",muse
Jitsu wa Watashi wa,Supporting,"Koumoto, Akari",29785,"Nitta, Emi",muse
Love Live! The School Idol Movie,Main,"Kousaka, Honoka",24997,"Nitta, Emi",muse
Robot Girls Z Plus,Supporting,Raiking,29035,"Nitta, Emi",muse
Yamada-kun to 7-nin no Majo (TV),Supporting,"Fukazawa, Saeko",28677,"Nitta, Emi",muse
Tantei Kageki Milky Holmes TD,Main,"Amagi, Marine",27629,"Nitta, Emi",muse
Cardfight!! Vanguard G,Main,"Anjou, Tokoha",27815,"Nitta, Emi",muse
"Futsuu no Joshikousei ga [Locodol] Yattemita.: Nagarekawa, Annai Shitemita.",Supporting,"Mima, Miyako",25719,"Nitta, Emi",muse
Love Live! School Idol Project: μ's →NEXT LoveLive! 2014 - Endless Parade Makuai Drama,Main,"Kousaka, Honoka",25897,"Nitta, Emi",muse
Futsuu no Joshikousei ga [Locodol] Yattemita.,Supporting,"Mima, Miyako",22189,"Nitta, Emi",muse
Love Live! School Idol Project 2nd Season,Main,"Kousaka, Honoka",19111,"Nitta, Emi",muse
Yuusha ni Narenakatta Ore wa Shibushibu Shuushoku wo Ketsui Shimashita. OVA,Supporting,"Crucial, Elsa",20545,"Nitta, Emi",muse
Love Live! School Idol Project OVA,Main,"Kousaka, Honoka",20745,"Nitta, Emi",muse
Music S.T.A.R.T!!,Main,"Kousaka, Honoka",20877,"Nitta, Emi",muse
Yuusha ni Narenakatta Ore wa Shibushibu Shuushoku wo Ketsui Shimashita.,Supporting,"Crucial, Elsa",18677,"Nitta, Emi",muse
Love Live! School Idol Project,Main,"Kousaka, Honoka",15051,"Nitta, Emi",muse
D.C.III: Da Capo III,Main,"Morizono, Rikka",14827,"Nitta, Emi",muse
Wonderful Rush,Main,"Kousaka, Honoka",14951,"Nitta, Emi",muse
Kyoukaisenjou no Horizon II,Supporting,"Naruze, Malga",12487,"Nitta, Emi",muse
"Mogyutto ""Love"" de Sekkinchuu!",Main,"Kousaka, Honoka",12637,"Nitta, Emi",muse
Kyoukaisenjou no Horizon,Supporting,"Naruze, Malga",10456,"Nitta, Emi",muse
"Natsu-iro Egao de 1, 2, Jump!",Main,"Kousaka, Honoka",11033,"Nitta, Emi",muse
T.P. Sakura: Time Paladin Sakura,Supporting,"Shirakawa, Kotori",9393,"Nitta, Emi",muse
Snow Halation,Main,"Kousaka, Honoka",9930,"Nitta, Emi",muse
Bokura no Live Kimi to no Life,Main,"Kousaka, Honoka",9907,"Nitta, Emi",muse
Love Live! School Idol Project,Staff,,15051,"Nitta, Emi",muse
Love Live! School Idol Project 2nd Season,Staff,,19111,"Nitta, Emi",muse
Luck & Logic,Staff,,32083,"Nitta, Emi",muse
18if,Staff,,35248,"Nitta, Emi",muse
Yuusha ni Narenakatta Ore wa Shibushibu Shuushoku wo Ketsui Shimashita. OVA,Staff,,20545,"Nitta, Emi",muse
Azur Lane: Bisoku Zenshin!,Staff,,40930,"Nitta, Emi",muse
D.C.III: Da Capo III,Staff,,14827,"Nitta, Emi",muse
Snow Halation,Staff,,9930,"Nitta, Emi",muse
Bokura no Live Kimi to no Life,Staff,,9907,"Nitta, Emi",muse
Cardfight!! Vanguard G,Staff,,27815,"Nitta, Emi",muse
Wonderful Rush,Staff,,14951,"Nitta, Emi",muse
"Natsu-iro Egao de 1, 2, Jump!",Staff,,11033,"Nitta, Emi",muse
"Mogyutto ""Love"" de Sekkinchuu!",Staff,,12637,"Nitta, Emi",muse
Music S.T.A.R.T!!,Staff,,20877,"Nitta, Emi",muse
Tantei Kageki Milky Holmes TD,Staff,,27629,"Nitta, Emi",muse
Love Live! x Watering KissMint Collaboration CM,Staff,,32730,"Nitta, Emi",muse
Dixia Cheng Yu Yongshi: Nizhuan Zhi Lun,Staff,,38416,"Nitta, Emi",muse
Shuumatsu no Harem,Supporting,"Toudou, Akira",41946,"Iida, Riho",muse
Idol Land PriPara,Main,"Katasumi, Amari",44376,"Iida, Riho",muse
Odd Taxi,Supporting,"Shirakawa, Miho",46102,"Iida, Riho",muse
King's Raid: Ishi wo Tsugumono-tachi,Supporting,Elise,41834,"Iida, Riho",muse
Natsu no Niwa,Supporting,Mea's Mother,41535,"Iida, Riho",muse
Kishuku Gakkou no Juliet,Supporting,"Shishi, Shizuka",37475,"Iida, Riho",muse
FLCL Alternative,Supporting,"Yajima, Hijiri",35842,"Iida, Riho",muse
Jashin-chan Dropkick,Supporting,Persephone II,36906,"Iida, Riho",muse
Urahara,Supporting,Sayumin,35250,"Iida, Riho",muse
Clione no Akari,Supporting,"Nagino, Yuna",35114,"Iida, Riho",muse
Chou Yuu Sekai: Being the Reality,Supporting,Mounsuto,34675,"Iida, Riho",muse
ēlDLIVE,Supporting,"Boroswick, Veronica",32878,"Iida, Riho",muse
Kaijuu Girls: Ultra Kaijuu Gijinka Keikaku,Main,Agira,33011,"Iida, Riho",muse
Venus Project: Climax,Main,"Sovagasky, Ruka",30251,"Iida, Riho",muse
Love Live! The School Idol Movie,Main,"Hoshizora, Rin",24997,"Iida, Riho",muse
Re-Kan!,Main,"Uehara, Kana",25859,"Iida, Riho",muse
Love Live! School Idol Project: μ's →NEXT LoveLive! 2014 - Endless Parade Makuai Drama,Main,"Hoshizora, Rin",25897,"Iida, Riho",muse
Love Live! School Idol Project 2nd Season,Main,"Hoshizora, Rin",19111,"Iida, Riho",muse
Love Live! School Idol Project OVA,Main,"Hoshizora, Rin",20745,"Iida, Riho",muse
Music S.T.A.R.T!!,Main,"Hoshizora, Rin",20877,"Iida, Riho",muse
Love Live! School Idol Project,Main,"Hoshizora, Rin",15051,"Iida, Riho",muse
Wonderful Rush,Main,"Hoshizora, Rin",14951,"Iida, Riho",muse
"Mogyutto ""Love"" de Sekkinchuu!",Main,"Hoshizora, Rin",12637,"Iida, Riho",muse
"Natsu-iro Egao de 1, 2, Jump!",Main,"Hoshizora, Rin",11033,"Iida, Riho",muse
Snow Halation,Main,"Hoshizora, Rin",9930,"Iida, Riho",muse
Bokura no Live Kimi to no Life,Main,"Hoshizora, Rin",9907,"Iida, Riho",muse
Love Live! School Idol Project,Staff,,15051,"Iida, Riho",muse
Kishuku Gakkou no Juliet,Staff,,37475,"Iida, Riho",muse
Love Live! School Idol Project 2nd Season,Staff,,19111,"Iida, Riho",muse
King's Raid: Ishi wo Tsugumono-tachi,Staff,,41834,"Iida, Riho",muse
Snow Halation,Staff,,9930,"Iida, Riho",muse
Bokura no Live Kimi to no Life,Staff,,9907,"Iida, Riho",muse
Chou Yuu Sekai: Being the Reality,Staff,,34675,"Iida, Riho",muse
Wonderful Rush,Staff,,14951,"Iida, Riho",muse
"Natsu-iro Egao de 1, 2, Jump!",Staff,,11033,"Iida, Riho",muse
"Mogyutto ""Love"" de Sekkinchuu!",Staff,,12637,"Iida, Riho",muse
Digimon Universe: Appli Monsters,Staff,,33314,"Iida, Riho",muse
Music S.T.A.R.T!!,Staff,,20877,"Iida, Riho",muse
Kaijuu Girls: Ultra Kaijuu Gijinka Keikaku,Staff,,33011,"Iida, Riho",muse
Love Live! x Watering KissMint Collaboration CM,Staff,,32730,"Iida, Riho",muse
Yatogame-chan Kansatsu Nikki 4th Season,Supporting,"Shonai, Lala",50438,"Nanjou, Yoshino",muse
Shinka no Mi: Shiranai Uchi ni Kachigumi Jinsei,Supporting,"Kannazuki, Karen",46985,"Nanjou, Yoshino",muse
Yatogame-chan Kansatsu Nikki Sansatsume,Supporting,"Shonai, Lala",42959,"Nanjou, Yoshino",muse
Grisaia: Phantom Trigger The Animation - Stargazer,Supporting,"Inohara, Maki",42392,"Nanjou, Yoshino",muse
King's Raid: Ishi wo Tsugumono-tachi,Supporting,Ripine,41834,"Nanjou, Yoshino",muse
Lapis Re:LiGHTs,Supporting,Chloe,37587,"Nanjou, Yoshino",muse
Toaru Kagaku no Railgun T,Supporting,"Awatsuki, Maaya",38481,"Nanjou, Yoshino",muse
Yatogame-chan Kansatsu Nikki Nisatsume,Supporting,"Shonai, Lala",39960,"Nanjou, Yoshino",muse
Senki Zesshou Symphogear XV,Main,"Tsukuyomi, Shirabe",32843,"Nanjou, Yoshino",muse
Grisaia: Phantom Trigger The Animation,Supporting,"Inohara, Maki",35868,"Nanjou, Yoshino",muse
Karakuri Circus (TV),Supporting,"Liang, Ming-Xia",37447,"Nanjou, Yoshino",muse
Saredo Tsumibito wa Ryuu to Odoru,Supporting,"Opt Kouga, Curaçao",33889,"Nanjou, Yoshino",muse
Killing Bites,Supporting,"Son, Seira",34964,"Nanjou, Yoshino",muse
Hakyuu Houshin Engi,Supporting,Ko Kibi,36029,"Nanjou, Yoshino",muse
Senki Zesshou Symphogear AXZ: Senki Zesshou Shinai Symphogear,Main,"Tsukuyomi, Shirabe",36692,"Nanjou, Yoshino",muse
Battle Girl High School,Supporting,"Serizawa, Renge",33184,"Nanjou, Yoshino",muse
Senki Zesshou Symphogear AXZ,Main,"Tsukuyomi, Shirabe",32836,"Nanjou, Yoshino",muse
Berserk: Majo no Tsuisou,Supporting,Sonia,35676,"Nanjou, Yoshino",muse
Neko no Robu,Main,Robu,35478,"Nanjou, Yoshino",muse
Clockwork Planet,Main,"Miura, Naoto",32407,"Nanjou, Yoshino",muse
Berserk 2nd Season,Supporting,Sonia,34055,"Nanjou, Yoshino",muse
Trinity Seven Movie 1: Eternity Library to Alchemic Girl,Supporting,Master Akarsha,33581,"Nanjou, Yoshino",muse
Tantei Opera Milky Holmes: Fun Fun Party Night♪ - Ken to Janet no Okurimono,Supporting,"Akechi, Kokoro",33308,"Nanjou, Yoshino",muse
Netoge no Yome wa Onnanoko ja Nai to Omotta?,Supporting,"Saitou, Yui",31404,"Nanjou, Yoshino",muse
Tantei Opera Milky Holmes Movie: Gyakushuu no Milky Holmes,Supporting,"Akechi, Kokoro",31486,"Nanjou, Yoshino",muse
Schwarzesmarken,Main,"Hohenstein, Lise",30806,"Nanjou, Yoshino",muse
Senki Zesshou Symphogear GX: Senki Zesshou Shinai Symphogear,Main,"Tsukuyomi, Shirabe",32151,"Nanjou, Yoshino",muse
"Gate: Jieitai Kanochi nite, Kaku Tatakaeri",Supporting,"Aoi, Risa",28907,"Nanjou, Yoshino",muse
Senki Zesshou Symphogear GX,Main,"Tsukuyomi, Shirabe",21573,"Nanjou, Yoshino",muse
Classroom☆Crisis,Supporting,"Yamaki, Subaru",30383,"Nanjou, Yoshino",muse
Love Live! The School Idol Movie,Main,"Ayase, Eri",24997,"Nanjou, Yoshino",muse
Tantei Kageki Milky Holmes TD,Supporting,"Akechi, Kokoro",27629,"Nanjou, Yoshino",muse
Akuma no Riddle: Shousha wa Dare? Nukiuchi Test,Supporting,"Hashiri, Nio",24751,"Nanjou, Yoshino",muse
Cardfight!! Vanguard Movie: Neon Messiah,Supporting,"Tatsunagi, Rekka",23991,"Nanjou, Yoshino",muse
Love Live! School Idol Project: μ's →NEXT LoveLive! 2014 - Endless Parade Makuai Drama,Main,"Ayase, Eri",25897,"Nanjou, Yoshino",muse
PriPara,Supporting,"Shirai, Nanami",23135,"Nanjou, Yoshino",muse
PriPara,Supporting,"Tokuda, Nene",23135,"Nanjou, Yoshino",muse
PriPara,Supporting,"Ehime, Nao",23135,"Nanjou, Yoshino",muse
Panpaka Pants Movie: Bananan Oukoku no Hihou,Main,Panpaka,29832,"Nanjou, Yoshino",muse
Mahou Shoujo Taisen,Main,"Sengen, Matsuri",21421,"Nanjou, Yoshino",muse
Love Live! School Idol Project 2nd Season,Main,"Ayase, Eri",19111,"Nanjou, Yoshino",muse
Akuma no Riddle,Supporting,"Hashiri, Nio",19429,"Nanjou, Yoshino",muse
Cardfight!! Vanguard: Legion Mate-hen,Supporting,"Tatsunagi, Rekka",21729,"Nanjou, Yoshino",muse
Mouretsu Pirates: Abyss of Hyperspace,Supporting,"Yoshitomi, Yayoi",14817,"Nanjou, Yoshino",muse
Senki Zesshou Symphogear G: Senki Zesshou Shinai Symphogear,Supporting,"Tsukuyomi, Shirabe",20843,"Nanjou, Yoshino",muse
Toaru Hikuushi e no Koiuta,Supporting,"Hanasaki, Nanako",19117,"Nanjou, Yoshino",muse
Love Live! School Idol Project OVA,Main,"Ayase, Eri",20745,"Nanjou, Yoshino",muse
Music S.T.A.R.T!!,Main,"Ayase, Eri",20877,"Nanjou, Yoshino",muse
Futari wa Milky Holmes,Supporting,"Akechi, Kokoro",17267,"Nanjou, Yoshino",muse
Recorder to Randoseru Mi☆,Supporting,Tetsuya,18099,"Nanjou, Yoshino",muse
Senki Zesshou Symphogear G,Supporting,"Tsukuyomi, Shirabe",15793,"Nanjou, Yoshino",muse
Toaru Kagaku no Railgun S,Supporting,"Awatsuki, Maaya",16049,"Nanjou, Yoshino",muse
Toaru Majutsu no Index Movie: Endymion no Kiseki,Supporting,"Awatsuki, Maaya",11743,"Nanjou, Yoshino",muse
Joshiraku OVA,Main,"Kuurubiyuutei, Gankyou",15591,"Nanjou, Yoshino",muse
Cardfight!! Vanguard: Link Joker-hen,Supporting,"Tatsunagi, Rekka",15611,"Nanjou, Yoshino",muse
Love Live! School Idol Project,Main,"Ayase, Eri",15051,"Nanjou, Yoshino",muse
Minami-ke Tadaima,Supporting,Miyuki,14511,"Nanjou, Yoshino",muse
Robotics;Notes,Main,"Senomiya, Akiho",13599,"Nanjou, Yoshino",muse
Wonderful Rush,Main,"Ayase, Eri",14951,"Nanjou, Yoshino",muse
Joshiraku,Main,"Kuurubiyuutei, Gankyou",12679,"Nanjou, Yoshino",muse
Tari Tari,Supporting,"Okuto, Akiko",13333,"Nanjou, Yoshino",muse
Cardfight!! Vanguard: Asia Circuit-hen,Supporting,"Tatsunagi, Rekka",13145,"Nanjou, Yoshino",muse
Recorder to Randoseru Re♪,Supporting,Tetsuya,13377,"Nanjou, Yoshino",muse
Maken-Ki! OVA,Supporting,"Yamato, Otohime",11209,"Nanjou, Yoshino",muse
"Mogyutto ""Love"" de Sekkinchuu!",Main,"Ayase, Eri",12637,"Nanjou, Yoshino",muse
Morita-san wa Mukuchi. Specials,Main,"Matsuzaka, Hana",12921,"Nanjou, Yoshino",muse
Another,Supporting,"Kakinuma, Sayuri",11111,"Nanjou, Yoshino",muse
Mouretsu Pirates,Supporting,"Yoshitomi, Yayoi",8917,"Nanjou, Yoshino",muse
Recorder to Randoseru Do♪,Supporting,Tetsuya,11491,"Nanjou, Yoshino",muse
Tantei Opera Milky Holmes Dai 2 Maku,Supporting,"Akechi, Kokoro",11341,"Nanjou, Yoshino",muse
Morita-san wa Mukuchi. 2,Main,"Matsuzaka, Hana",11615,"Nanjou, Yoshino",muse
Maken-Ki!,Supporting,"Yamato, Otohime",9936,"Nanjou, Yoshino",muse
Baka to Test to Shoukanjuu: Spinout! Sore ga Bokura no Nichijou,Supporting,"Kudou, Aiko",10834,"Nanjou, Yoshino",muse
Tantei Opera Milky Holmes: Summer Special,Main,"Akechi, Kokoro",10923,"Nanjou, Yoshino",muse
"Natsu-iro Egao de 1, 2, Jump!",Main,"Ayase, Eri",11033,"Nanjou, Yoshino",muse
Baby Princess 3D Paradise 0 [Love],Supporting,"Amatsuka, Sakura",10196,"Nanjou, Yoshino",muse
Nekogami Yaoyorozu,Supporting,Haruka,9934,"Nanjou, Yoshino",muse
Baka to Test to Shoukanjuu Ni!,Supporting,"Kudou, Aiko",8516,"Nanjou, Yoshino",muse
Morita-san wa Mukuchi.,Main,"Matsuzaka, Hana",10671,"Nanjou, Yoshino",muse
Seikon no Qwaser II,Supporting,"Amano, Tsubasa",10073,"Nanjou, Yoshino",muse
Hanasaku Iroha,Supporting,"Igarashi, Namiko",9289,"Nanjou, Yoshino",muse
Morita-san wa Mukuchi,Main,"Matsuzaka, Hana",9774,"Nanjou, Yoshino",muse
Aa! Megami-sama! (2011),Supporting,Eir,9611,"Nanjou, Yoshino",muse
Hourou Musuko,Supporting,"Sasa, Kanako",8426,"Nanjou, Yoshino",muse
Cardfight!! Vanguard,Supporting,"Tatsunagi, Rekka",9539,"Nanjou, Yoshino",muse
Snow Halation,Main,"Ayase, Eri",9930,"Nanjou, Yoshino",muse
Tantei Opera Milky Holmes,Supporting,"Akechi, Kokoro",7768,"Nanjou, Yoshino",muse
Toaru Kagaku no Railgun: Misaka-san wa Ima Chuumoku no Mato Desu kara,Supporting,"Awatsuki, Maaya",9047,"Nanjou, Yoshino",muse
Bokura no Live Kimi to no Life,Main,"Ayase, Eri",9907,"Nanjou, Yoshino",muse
Baka to Test to Shoukanjuu Specials,Supporting,"Kudou, Aiko",7870,"Nanjou, Yoshino",muse
Baka to Test to Shoukanjuu,Supporting,"Kudou, Aiko",6347,"Nanjou, Yoshino",muse
Weiß Survive R,Supporting,Cal,7463,"Nanjou, Yoshino",muse
Toaru Kagaku no Railgun,Supporting,"Awatsuki, Maaya",6213,"Nanjou, Yoshino",muse
Canaan,Main,"Oosawa, Maria",5356,"Nanjou, Yoshino",muse
Weiß Survive,Supporting,Cal,6425,"Nanjou, Yoshino",muse
Penguin Musume♥Heart,Main,"Kurio, Nene",4136,"Nanjou, Yoshino",muse
D.C.II S.S.: Da Capo II Second Season,Supporting,"Tsukishima, Koko",3627,"Nanjou, Yoshino",muse
D.C.II: Da Capo II,Main,"Tsukishima, Koko",2595,"Nanjou, Yoshino",muse
Katekyo Hitman Reborn!,Supporting,Uni,1604,"Nanjou, Yoshino",muse
Tsuyokiss,Supporting,"Konoe, Honoka",1198,"Nanjou, Yoshino",muse
Soul Link Special,Supporting,"Sugimoto, Aya",1625,"Nanjou, Yoshino",muse
Soul Link,Supporting,"Sugimoto, Aya",854,"Nanjou, Yoshino",muse
Ar Tonelico: Sekai no Owari de Utai Tsuzukeru Shoujo,Supporting,"Elendia, Krusche",1202,"Nanjou, Yoshino",muse
Akuma no Riddle,Staff,,19429,"Nanjou, Yoshino",muse
Atom: The Beginning,Staff,,33371,"Nanjou, Yoshino",muse
Berserk 2nd Season,Staff,,34055,"Nanjou, Yoshino",muse
Black Bullet,Staff,,20787,"Nanjou, Yoshino",muse
Bokura no Live Kimi to no Life,Staff,,9907,"Nanjou, Yoshino",muse
Bungou to Alchemist: Shinpan no Haguruma,Staff,,40934,"Nanjou, Yoshino",muse
Cardfight!! Vanguard: Link Joker-hen,Staff,,15611,"Nanjou, Yoshino",muse
"Doukyonin wa Hiza, Tokidoki, Atama no Ue.",Staff,,38145,"Nanjou, Yoshino",muse
Grisaia no Kajitsu,Staff,,17729,"Nanjou, Yoshino",muse
Grisaia no Rakuen,Staff,,29095,"Nanjou, Yoshino",muse
Grisaia: Phantom Trigger The Animation,Staff,,35868,"Nanjou, Yoshino",muse
Joshiraku,Staff,,12679,"Nanjou, Yoshino",muse
Love Live! School Idol Project,Staff,,15051,"Nanjou, Yoshino",muse
Love Live! School Idol Project 2nd Season,Staff,,19111,"Nanjou, Yoshino",muse
Love Live! x Watering KissMint Collaboration CM,Staff,,32730,"Nanjou, Yoshino",muse
"Mogyutto ""Love"" de Sekkinchuu!",Staff,,12637,"Nanjou, Yoshino",muse
Morita-san wa Mukuchi,Staff,,9774,"Nanjou, Yoshino",muse
Music S.T.A.R.T!!,Staff,,20877,"Nanjou, Yoshino",muse
"Natsu-iro Egao de 1, 2, Jump!",Staff,,11033,"Nanjou, Yoshino",muse
Netoge no Yome wa Onnanoko ja Nai to Omotta?,Staff,,31404,"Nanjou, Yoshino",muse
Penguin Musume♥Heart,Staff,,4136,"Nanjou, Yoshino",muse
Senki Zesshou Symphogear AXZ,Staff,,32836,"Nanjou, Yoshino",muse
Senki Zesshou Symphogear G,Staff,,15793,"Nanjou, Yoshino",muse
Senki Zesshou Symphogear GX,Staff,,21573,"Nanjou, Yoshino",muse
Senki Zesshou Symphogear XV,Staff,,32843,"Nanjou, Yoshino",muse
Shinka no Mi: Shiranai Uchi ni Kachigumi Jinsei,Staff,,46985,"Nanjou, Yoshino",muse
Snow Halation,Staff,,9930,"Nanjou, Yoshino",muse
Tantei Opera Milky Holmes: Summer Special,Staff,,10923,"Nanjou, Yoshino",muse
Tensai Ouji no Akaji Kokka Saisei Jutsu,Staff,,47159,"Nanjou, Yoshino",muse
Tokyo Ravens,Staff,,16011,"Nanjou, Yoshino",muse
Wonderful Rush,Staff,,14951,"Nanjou, Yoshino",muse
Shinka no Mi: Shiranai Uchi ni Kachigumi Jinsei,Supporting,"Calmeria, Origa",46985,"Kubo, Yurika",muse
Tsuki ga Michibiku Isekai Douchuu,Supporting,Toa,43523,"Kubo, Yurika",muse
Peach Boy Riverside,Supporting,Jucerino,42627,"Kubo, Yurika",muse
Hataraku Saibou Black (TV),Supporting,Kesshouban,41694,"Kubo, Yurika",muse
Hataraku Saibou!!,Supporting,Nyuusankin (Buchi),39586,"Kubo, Yurika",muse
Seizei Ganbare! Mahou Shoujo Kurumi 3rd Season,Main,"Azuchimomoyama, Kurumi",42482,"Kubo, Yurika",muse
Rail Romanesque,Main,Riiko,40958,"Kubo, Yurika",muse
"Hataraku Saibou!!: Saikyou no Teki, Futatabi. Karada no Naka wa ""Chou"" Oosawagi!",Supporting,Nyuusankin (Buchi),42387,"Kubo, Yurika",muse
Mewkledreamy,Main,Peko,40327,"Kubo, Yurika",muse
High School Fleet Movie,Main,"Shiretoko, Rin",37704,"Kubo, Yurika",muse
Kyochuu Rettou Movie,Main,"Inou, Ai",40332,"Kubo, Yurika",muse
Dungeon ni Deai wo Motomeru no wa Machigatteiru Darou ka II,Supporting,Loki,37347,"Kubo, Yurika",muse
Toaru Kagaku no Accelerator,Main,"Rosenthal, Esther",38480,"Kubo, Yurika",muse
Isekai Cheat Magician,Supporting,Aerial,37744,"Kubo, Yurika",muse
Granbelm,Supporting,"Rin, Nene",39417,"Kubo, Yurika",muse
Kyochuu Rettou,Main,"Inou, Ai",38915,"Kubo, Yurika",muse
Seishun Buta Yarou wa Yumemiru Shoujo no Yume wo Minai,Supporting,"Azusagawa, Kaede",38329,"Kubo, Yurika",muse
Shoumetsu Toshi,Supporting,Kana,37952,"Kubo, Yurika",muse
Joshikausei,Main,"Furui, Mayumi",38295,"Kubo, Yurika",muse
Dungeon ni Deai wo Motomeru no wa Machigatteiru Darou ka Movie: Orion no Ya,Supporting,Loki,37348,"Kubo, Yurika",muse
Pastel Memories,Supporting,"Kurushima, Rei",37374,"Kubo, Yurika",muse
Seishun Buta Yarou wa Bunny Girl Senpai no Yume wo Minai Picture Drama,Main,"Azusagawa, Kaede",38938,"Kubo, Yurika",muse
Seizei Ganbare! Mahou Shoujo Kurumi 2nd Season,Main,"Azuchimomoyama, Kurumi",38175,"Kubo, Yurika",muse
Seishun Buta Yarou wa Bunny Girl Senpai no Yume wo Minai,Supporting,"Azusagawa, Kaede",37450,"Kubo, Yurika",muse
Akanesasu Shoujo,Supporting,"Makusuda, Annie",37561,"Kubo, Yurika",muse
Aru Zombie Shoujo no Sainan (ONA),Supporting,"Sudo, Noriko",37735,"Kubo, Yurika",muse
Shiyan Pin Jiating,Supporting,Sumire,36397,"Kubo, Yurika",muse
Lostorage Conflated WIXOSS,Main,"Mikage, Hanna",34607,"Kubo, Yurika",muse
Amanchu! Advance,Supporting,Aria,36800,"Kubo, Yurika",muse
Ryuuou no Oshigoto!,Supporting,"Mizukoshi, Mio",35905,"Kubo, Yurika",muse
Citrus,Supporting,"Momokino, Himeko",34382,"Kubo, Yurika",muse
Lostorage Conflated WIXOSS: Missing Link,Main,"Mikage, Hanna",36083,"Kubo, Yurika",muse
Shoujo Shuumatsu Jugyou,Main,Yuuri,36468,"Kubo, Yurika",muse
Shoujo Shuumatsu Ryokou,Main,Yuuri,35838,"Kubo, Yurika",muse
Seizei Ganbare! Mahou Shoujo Kurumi,Main,"Azuchimomoyama, Kurumi",35510,"Kubo, Yurika",muse
Youkoso Jitsuryoku Shijou Shugi no Kyoushitsu e (TV),Main,"Kushida, Kikyou",35507,"Kubo, Yurika",muse
Mahoujin Guruguru (2017),Supporting,Grielle,34745,"Kubo, Yurika",muse
Centaur no Nayami,Supporting,Riri-chan,34525,"Kubo, Yurika",muse
Dungeon ni Deai wo Motomeru no wa Machigatteiru Darou ka Gaiden: Sword Oratoria,Supporting,Loki,32887,"Kubo, Yurika",muse
Shuumatsu Nani Shitemasu ka? Isogashii Desu ka? Sukutte Moratte Ii Desu ka?,Supporting,"Nox Katena, Pannibal",33502,"Kubo, Yurika",muse
Twin Angel Break,Supporting,"Kotobuki, Urara",33532,"Kubo, Yurika",muse
Tsugumomo,Main,Kukuri,34019,"Kubo, Yurika",muse
Amanchu!: Yakusoku no Natsu to Atarashii Omoide no Koto,Supporting,Aria,33818,"Kubo, Yurika",muse
Oshiete! Galko-chan: Natsuyasumitte Hontou Desu ka?,Supporting,Fushigi-chan,33949,"Kubo, Yurika",muse
Chou Yuu Sekai: Being the Reality,Main,Cass,34675,"Kubo, Yurika",muse
Idol Jihen,Supporting,"Iizuka, Sakurako",34028,"Kubo, Yurika",muse
Minami Kamakura Koukou Joshi Jitenshabu,Supporting,"Hououji, Korone",31422,"Kubo, Yurika",muse
Seiren,Main,"Kamita, Shouichi",33836,"Kubo, Yurika",muse
Urara Meirochou,Main,"Yukimi, Koume",32924,"Kubo, Yurika",muse
Dungeon ni Deai wo Motomeru no wa Machigatteiru Darou ka OVA,Supporting,Loki,32801,"Kubo, Yurika",muse
Monster Musume no Iru Nichijou OVA,Supporting,Tionishia,32698,"Kubo, Yurika",muse
Lostorage Incited WIXOSS,Main,"Mikage, Hanna",33197,"Kubo, Yurika",muse
Natsume Yuujinchou Go,Supporting,Youkai girl,32983,"Kubo, Yurika",muse
Mobile Suit Gundam: Iron-Blooded Orphans 2nd Season,Supporting,Trow,33051,"Kubo, Yurika",muse
Mobile Suit Gundam: Iron-Blooded Orphans 2nd Season,Supporting,"Turbine, Echo",33051,"Kubo, Yurika",muse
Amanchu!,Supporting,Aria,31771,"Kubo, Yurika",muse
Regalia: The Three Sacred Stars,Main,"Kleis, Sara",32961,"Kubo, Yurika",muse
High School Fleet,Main,"Shiretoko, Rin",31500,"Kubo, Yurika",muse
Hundred,Supporting,"Sheldon, Noa",31338,"Kubo, Yurika",muse
Saijaku Muhai no Bahamut,Main,"Aingram, Philphie",30749,"Kubo, Yurika",muse
Ooyasan wa Shishunki!,Main,"Satonaka, Chie",31621,"Kubo, Yurika",muse
Dimension W,Supporting,"Skyheart, Shiora",31163,"Kubo, Yurika",muse
Oshiete! Galko-chan,Supporting,Fushigi-chan,32013,"Kubo, Yurika",muse
Valkyrie Drive: Mermaid,Supporting,"Sakura, Meifon",30385,"Kubo, Yurika",muse
Monster Strike,Supporting,Shirayukihime Ribbon,30757,"Kubo, Yurika",muse
Hantsu x Trash,Supporting,"Shinozaki, Mai",31491,"Kubo, Yurika",muse
Mobile Suit Gundam: Iron-Blooded Orphans,Supporting,Trow,31251,"Kubo, Yurika",muse
Mobile Suit Gundam: Iron-Blooded Orphans,Supporting,"Turbine, Echo",31251,"Kubo, Yurika",muse
Kokoro ga Sakebitagatterunda.,Supporting,"Takamura, Kaori",28725,"Kubo, Yurika",muse
Monster Musume no Iru Nichijou: Hobo Mainichi ◯◯! Namappoi Douga,Main,Tionishia,31121,"Kubo, Yurika",muse
Monster Musume no Iru Nichijou,Supporting,Tionishia,30307,"Kubo, Yurika",muse
"Gate: Jieitai Kanochi nite, Kaku Tatakaeri",Supporting,"Kuribayashi, Nanami",28907,"Kubo, Yurika",muse
Love Live! The School Idol Movie,Main,"Koizumi, Hanayo",24997,"Kubo, Yurika",muse
Mikagura Gakuen Kumikyoku (TV),Supporting,Kumano,28817,"Kubo, Yurika",muse
Dungeon ni Deai wo Motomeru no wa Machigatteiru Darou ka,Supporting,Loki,28121,"Kubo, Yurika",muse
Tantei Kageki Milky Holmes TD,Supporting,Rhythmic,27629,"Kubo, Yurika",muse
Love Live! School Idol Project: μ's →NEXT LoveLive! 2014 - Endless Parade Makuai Drama,Main,"Koizumi, Hanayo",25897,"Kubo, Yurika",muse
Love Live! School Idol Project 2nd Season,Main,"Koizumi, Hanayo",19111,"Kubo, Yurika",muse
Chikasugi Idol Akae-chan,Main,"Midorikawa, Peperonpoppupoponchu",22755,"Kubo, Yurika",muse
Music S.T.A.R.T!!,Main,"Koizumi, Hanayo",20877,"Kubo, Yurika",muse
Love Live! School Idol Project OVA,Main,"Koizumi, Hanayo",20745,"Kubo, Yurika",muse
Nagi no Asu kara,Supporting,"Akiyoshi, Kaori",16067,"Kubo, Yurika",muse
Hentai Ouji to Warawanai Neko.,Supporting,Warawanai Neko,15225,"Kubo, Yurika",muse
Kotoura-san,Main,"Moritani, Hiyori",15379,"Kubo, Yurika",muse
Love Live! School Idol Project,Main,"Koizumi, Hanayo",15051,"Kubo, Yurika",muse
Kotoura-san: Haruka no Heya,Main,"Moritani, Hiyori",16636,"Kubo, Yurika",muse
Sakura-sou no Pet na Kanojo,Supporting,"Takasaki, Mayu",13759,"Kubo, Yurika",muse
Wonderful Rush,Main,"Koizumi, Hanayo",14951,"Kubo, Yurika",muse
"Mogyutto ""Love"" de Sekkinchuu!",Main,"Koizumi, Hanayo",12637,"Kubo, Yurika",muse
"Natsu-iro Egao de 1, 2, Jump!",Main,"Koizumi, Hanayo",11033,"Kubo, Yurika",muse
Snow Halation,Main,"Koizumi, Hanayo",9930,"Kubo, Yurika",muse
Bokura no Live Kimi to no Life,Main,"Koizumi, Hanayo",9907,"Kubo, Yurika",muse
Sore Ike! Anpanman,Supporting,Kumata,1960,"Kubo, Yurika",muse
Sore Ike! Anpanman,Supporting,Potato-kun,1960,"Kubo, Yurika",muse
Sore Ike! Anpanman,Supporting,Spica,1960,"Kubo, Yurika",muse
Bokura no Live Kimi to no Life,Staff,,9907,"Kubo, Yurika",muse
Idol Jihen,Staff,,34028,"Kubo, Yurika",muse
Kotoura-san,Staff,,15379,"Kubo, Yurika",muse
Love Live! School Idol Project,Staff,,15051,"Kubo, Yurika",muse
Love Live! School Idol Project 2nd Season,Staff,,19111,"Kubo, Yurika",muse
Love Live! x Watering KissMint Collaboration CM,Staff,,32730,"Kubo, Yurika",muse
"Mogyutto ""Love"" de Sekkinchuu!",Staff,,12637,"Kubo, Yurika",muse
Monster Musume no Iru Nichijou,Staff,,30307,"Kubo, Yurika",muse
Music S.T.A.R.T!!,Staff,,20877,"Kubo, Yurika",muse
"Natsu-iro Egao de 1, 2, Jump!",Staff,,11033,"Kubo, Yurika",muse
Seishun Buta Yarou wa Bunny Girl Senpai no Yume wo Minai,Staff,,37450,"Kubo, Yurika",muse
Seishun Buta Yarou wa Yumemiru Shoujo no Yume wo Minai,Staff,,38329,"Kubo, Yurika",muse
Shoujo Shuumatsu Ryokou,Staff,,35838,"Kubo, Yurika",muse
Snow Halation,Staff,,9930,"Kubo, Yurika",muse
Urara Meirochou,Staff,,32924,"Kubo, Yurika",muse
Wonderful Rush,Staff,,14951,"Kubo, Yurika",muse
BanG Dream! Movie: Episode of Roselia - II: Song I Am.,Main,"Udagawa, Ako",41781,"Sakuragawa, Megu",muse
BanG Dream! Movie: Episode of Roselia - I: Yakusoku,Main,"Udagawa, Ako",41780,"Sakuragawa, Megu",muse
BanG Dream! Garupa☆Pico: Oomori,Main,"Udagawa, Ako",40854,"Sakuragawa, Megu",muse
BanG Dream! 3rd Season,Main,"Udagawa, Ako",37870,"Sakuragawa, Megu",muse
BanG Dream! 2nd Season,Main,"Udagawa, Ako",37869,"Sakuragawa, Megu",muse
BanG Dream! Garupa☆Pico,Main,"Udagawa, Ako",37873,"Sakuragawa, Megu",muse
BanG Dream!: Asonjatta!,Supporting,"Udagawa, Ako",34870,"Sakuragawa, Megu",muse
Armed Blue Gunvolt,Main,Cyan,33564,"Sakuragawa, Megu",muse
Armed Blue Gunvolt,Main,Morpho,33564,"Sakuragawa, Megu",muse
Black Shout,Main,"Udagawa, Ako",36920,"Sakuragawa, Megu",muse
BanG Dream!,Supporting,"Udagawa, Ako",33573,"Sakuragawa, Megu",muse
Wagamama High Spec,Main,"Sakuragi, Ashe Rufflette",31439,"Sakuragawa, Megu",muse
Love Live! The School Idol Movie,Supporting,"Kira, Tsubasa",24997,"Sakuragawa, Megu",muse
Love Live! School Idol Project 2nd Season,Supporting,"Kira, Tsubasa",19111,"Sakuragawa, Megu",muse
Yahari Ore no Seishun Love Comedy wa Machigatteiru.,Supporting,Yokko,14813,"Sakuragawa, Megu",muse
Yahari Ore no Seishun Love Comedy wa Machigatteiru.,Supporting,Yukko,14813,"Sakuragawa, Megu",muse
Love Live! School Idol Project,Supporting,"Kira, Tsubasa",15051,"Sakuragawa, Megu",muse
Love Live! School Idol Project,Staff,,15051,"Sakuragawa, Megu",muse
Campione!: Matsurowanu Kamigami to Kamigoroshi no Maou,Staff,,12293,"Sakuragawa, Megu",muse
Love Live! School Idol Project 2nd Season,Staff,,19111,"Sakuragawa, Megu",muse
Armed Blue Gunvolt,Staff,,33564,"Sakuragawa, Megu",muse
KU-RU-KU-RU Cruller!,Main,"Tsushima, Yoshiko",49880,"Kobayashi, Aika",aqours
Sayonara Watashi no Cramer,Supporting,"Tenma, Yuu",42774,"Kobayashi, Aika",aqours
Love Live! Sunshine!! The School Idol Movie: Over the Rainbow,Main,"Tsushima, Yoshiko",37027,"Kobayashi, Aika",aqours
Love Live! Sunshine!! 2nd Season,Main,"Tsushima, Yoshiko",34973,"Kobayashi, Aika",aqours
Happy Party Train,Main,"Tsushima, Yoshiko",35006,"Kobayashi, Aika",aqours
Piace: Watashi no Italian,Supporting,"Kagetsu, Rii",33447,"Kobayashi, Aika",aqours
Love Live! Sunshine!!,Main,"Tsushima, Yoshiko",32526,"Kobayashi, Aika",aqours
Koi ni Naritai Aquarium,Main,"Tsushima, Yoshiko",32953,"Kobayashi, Aika",aqours
Kimi no Kokoro wa Kagayaiteru kai?,Main,"Tsushima, Yoshiko",31780,"Kobayashi, Aika",aqours
Freezing,Staff,,9367,"Kobayashi, Aika",aqours
Love Live! Sunshine!!,Staff,,32526,"Kobayashi, Aika",aqours
Queen's Blade: Rebellion,Staff,,11859,"Kobayashi, Aika",aqours
Sayonara Watashi no Cramer,Staff,,42774,"Kobayashi, Aika",aqours
Koroshi Ai,Staff,,44516,"Kobayashi, Aika",aqours
Sayonara Watashi no Cramer Movie: First Touch,Staff,,42798,"Kobayashi, Aika",aqours
Shin Chuuka Ichiban! 2nd Season,Staff,,40957,"Kobayashi, Aika",aqours
Tatehoko Tsubasa,Staff,,50059,"Kobayashi, Aika",aqours
KU-RU-KU-RU Cruller!,Main,"Watanabe, You",49880,"Saitou, Shuka",aqours
Wonder Egg Priority,Main,"Kawai, Rika",43299,"Saitou, Shuka",aqours
D4DJ: First Mix,Supporting,Misamisa,39681,"Saitou, Shuka",aqours
Ore wo Suki nano wa Omae dake ka yo: Oretachi no Game Set,Supporting,"Mayama, Asaka",40936,"Saitou, Shuka",aqours
Ore wo Suki nano wa Omae dake ka yo: Ore wa Teinei ni Susumeru,Supporting,"Mayama, Asaka",40807,"Saitou, Shuka",aqours
Ore wo Suki nano wa Omae dake ka yo,Supporting,"Mayama, Asaka",38483,"Saitou, Shuka",aqours
Love Live! Sunshine!! The School Idol Movie: Over the Rainbow,Main,"Watanabe, You",37027,"Saitou, Shuka",aqours
Love Live! Sunshine!! 2nd Season,Main,"Watanabe, You",34973,"Saitou, Shuka",aqours
Happy Party Train,Main,"Watanabe, You",35006,"Saitou, Shuka",aqours
Love Live! Sunshine!!,Main,"Watanabe, You",32526,"Saitou, Shuka",aqours
Koi ni Naritai Aquarium,Main,"Watanabe, You",32953,"Saitou, Shuka",aqours
Kimi no Kokoro wa Kagayaiteru kai?,Main,"Watanabe, You",31780,"Saitou, Shuka",aqours
Wonder Egg Priority,Staff,,43299,"Saitou, Shuka",aqours
Ore wo Suki nano wa Omae dake ka yo,Staff,,38483,"Saitou, Shuka",aqours
Love Live! Sunshine!!,Staff,,32526,"Saitou, Shuka",aqours
Back Arrow,Staff,,40964,"Saitou, Shuka",aqours
KU-RU-KU-RU Cruller!,Main,"Kunikida, Hanamaru",49880,"Takatsuki, Kanako",aqours
Vlad Love,Supporting,"Konno, Kaoru",39990,"Takatsuki, Kanako",aqours
Love Live! Sunshine!! The School Idol Movie: Over the Rainbow,Main,"Kunikida, Hanamaru",37027,"Takatsuki, Kanako",aqours
Love Live! Sunshine!! 2nd Season,Main,"Kunikida, Hanamaru",34973,"Takatsuki, Kanako",aqours
Uma no Friends,Supporting,Chestnut horse,36119,"Takatsuki, Kanako",aqours
Koi to Uso,Supporting,"Katou, Ayano",34934,"Takatsuki, Kanako",aqours
Happy Party Train,Main,"Kunikida, Hanamaru",35006,"Takatsuki, Kanako",aqours
Love Live! Sunshine!!,Main,"Kunikida, Hanamaru",32526,"Takatsuki, Kanako",aqours
Koi ni Naritai Aquarium,Main,"Kunikida, Hanamaru",32953,"Takatsuki, Kanako",aqours
Kimi no Kokoro wa Kagayaiteru kai?,Main,"Kunikida, Hanamaru",31780,"Takatsuki, Kanako",aqours
100-man no Inochi no Ue ni Ore wa Tatteiru,Staff,,41380,"Takatsuki, Kanako",aqours
Love Live! Sunshine!!,Staff,,32526,"Takatsuki, Kanako",aqours
100-man no Inochi no Ue ni Ore wa Tatteiru 2nd Season,Staff,,44881,"Takatsuki, Kanako",aqours
Vlad Love,Staff,,39990,"Takatsuki, Kanako",aqours
KU-RU-KU-RU Cruller!,Main,"Sakurauchi, Riko",49880,"Aida, Rikako",aqours
Kakushigoto Movie,Supporting,"Senda, Naru",44586,"Aida, Rikako",aqours
Shiroi Suna no Aquatope,Main,"Miyazawa, Fuuka",46093,"Aida, Rikako",aqours
Mashiro no Oto,Supporting,"Tachiki, Yuna",42590,"Aida, Rikako",aqours
Soukou Musume Senki,Main,Riko,36458,"Aida, Rikako",aqours
Kakushigoto (TV),Supporting,"Senda, Naru",40716,"Aida, Rikako",aqours
Val x Love,Supporting,"Saotome, Shino",39799,"Aida, Rikako",aqours
Koutetsujou no Kabaneri Movie 3: Unato Kessen,Supporting,Miyuki,34544,"Aida, Rikako",aqours
Senryuu Shoujo,Supporting,"Ootsuki, Koto",38787,"Aida, Rikako",aqours
Love Live! Sunshine!! The School Idol Movie: Over the Rainbow,Main,"Sakurauchi, Riko",37027,"Aida, Rikako",aqours
Poputepipikku,Supporting,"Sakuragi, Iyo",35330,"Aida, Rikako",aqours
Poputepipikku,Supporting,Mary-san,35330,"Aida, Rikako",aqours
Hoozuki no Reitetsu 2nd Season,Main,Hoozuki,35075,"Aida, Rikako",aqours
Love Live! Sunshine!! 2nd Season,Main,"Sakurauchi, Riko",34973,"Aida, Rikako",aqours
Happy Party Train,Main,"Sakurauchi, Riko",35006,"Aida, Rikako",aqours
Sakurada Reset,Supporting,"Sera, Sawako",34102,"Aida, Rikako",aqours
Love Live! Sunshine!!,Main,"Sakurauchi, Riko",32526,"Aida, Rikako",aqours
Koi ni Naritai Aquarium,Main,"Sakurauchi, Riko",32953,"Aida, Rikako",aqours
Koutetsujou no Kabaneri,Supporting,Ichinoshin,28623,"Aida, Rikako",aqours
Kimi no Kokoro wa Kagayaiteru kai?,Main,"Sakurauchi, Riko",31780,"Aida, Rikako",aqours
Love Live! Sunshine!!,Staff,,32526,"Aida, Rikako",aqours
Senryuu Shoujo,Staff,,38787,"Aida, Rikako",aqours
Soukou Musume Senki,Staff,,36458,"Aida, Rikako",aqours
Val x Love,Staff,,39799,"Aida, Rikako",aqours
Gyakuten Sekai no Denchi Shoujo,Main,"Aoba, Yuki",48644,"Suzuki, Aina",aqours
Puraore! Pride of Orange,Supporting,"Ukita, Shino",44274,"Suzuki, Aina",aqours
KU-RU-KU-RU Cruller!,Main,"Ohara, Mari",49880,"Suzuki, Aina",aqours
Etotama: Nyankyaku Banrai,Main,Na-tan,37346,"Suzuki, Aina",aqours
"Ijiranaide, Nagatoro-san",Supporting,Yoshi,42361,"Suzuki, Aina",aqours
Iwa Kakeru!: Sport Climbing Girls,Main,"Yotsuba, Sayo",41783,"Suzuki, Aina",aqours
Monster Musume no Oishasan,Supporting,Eelis,40708,"Suzuki, Aina",aqours
Hatena☆Illusion,Main,"Hoshisato, Kana",35252,"Suzuki, Aina",aqours
5-toubun no Hanayome,Supporting,Hongou,38101,"Suzuki, Aina",aqours
Love Live! Sunshine!! The School Idol Movie: Over the Rainbow,Main,"Ohara, Mari",37027,"Suzuki, Aina",aqours
Saint Seiya: Saintia Shou,Main,"Equuleus, Shouko",34539,"Suzuki, Aina",aqours
Release the Spyce,Supporting,Byakko,37221,"Suzuki, Aina",aqours
Jashin-chan Dropkick,Main,Jashin-chan,36906,"Suzuki, Aina",aqours
Mahou Shoujo Site,Main,"Shioi, Rina",36266,"Suzuki, Aina",aqours
Alice or Alice,Supporting,Yamirie,36001,"Suzuki, Aina",aqours
Love Live! Sunshine!! 2nd Season,Main,"Ohara, Mari",34973,"Suzuki, Aina",aqours
Clione no Akari,Supporting,"Ichinose, Kaho",35114,"Suzuki, Aina",aqours
Happy Party Train,Main,"Ohara, Mari",35006,"Suzuki, Aina",aqours
Ginga Kikoutai Majestic Prince Movie: Kakusei no Idenshi,Supporting,"Medikum, Anne",33025,"Suzuki, Aina",aqours
Ginga Kikoutai Majestic Prince: Mirai e no Tsubasa,Main,"Medikum, Anne",33024,"Suzuki, Aina",aqours
Kaijuu Girls: Ultra Kaijuu Gijinka Keikaku,Main,Miclas,33011,"Suzuki, Aina",aqours
Amaama to Inazuma,Supporting,"Suzuno, Chiyo",32828,"Suzuki, Aina",aqours
Love Live! Sunshine!!,Main,"Ohara, Mari",32526,"Suzuki, Aina",aqours
Sansha Sanyou Specials,Supporting,"Kondou, Asako",33173,"Suzuki, Aina",aqours
Koi ni Naritai Aquarium,Main,"Ohara, Mari",32953,"Suzuki, Aina",aqours
Sansha Sanyou,Supporting,"Kondou, Asako",31564,"Suzuki, Aina",aqours
Onigiri,Main,Shizuka Gozen,32606,"Suzuki, Aina",aqours
Bishoujo Yuugi Unit Crane Game Girls,Supporting,Newscaster,32906,"Suzuki, Aina",aqours
Kimi no Kokoro wa Kagayaiteru kai?,Main,"Ohara, Mari",31780,"Suzuki, Aina",aqours
Joukamachi no Dandelion,Main,"Sakurada, Shiori",28387,"Suzuki, Aina",aqours
AkaKill! Gekijou,Supporting,Mez,25241,"Suzuki, Aina",aqours
Akame ga Kill!,Supporting,Mez,22199,"Suzuki, Aina",aqours
Monster Musume no Oishasan,Staff,,40708,"Suzuki, Aina",aqours
Love Live! Sunshine!!,Staff,,32526,"Suzuki, Aina",aqours
Jashin-chan Dropkick,Staff,,36906,"Suzuki, Aina",aqours
Iwa Kakeru!: Sport Climbing Girls,Staff,,41783,"Suzuki, Aina",aqours
Hatena☆Illusion,Staff,,35252,"Suzuki, Aina",aqours
Jashin-chan Dropkick',Staff,,39049,"Suzuki, Aina",aqours
Gyakuten Sekai no Denchi Shoujo,Staff,,48644,"Suzuki, Aina",aqours
Saint Seiya: Saintia Shou,Staff,,34539,"Suzuki, Aina",aqours
Kaijuu Girls: Ultra Kaijuu Gijinka Keikaku,Staff,,33011,"Suzuki, Aina",aqours
Jashin-chan Dropkick': Chitose-hen,Staff,,40661,"Suzuki, Aina",aqours
Etotama: Nyankyaku Banrai,Staff,,37346,"Suzuki, Aina",aqours
KU-RU-KU-RU Cruller!,Main,"Kurosawa, Ruby",49880,"Furihata, Ai",aqours
Tokyo Gambo,Main,Cacao,44056,"Furihata, Ai",aqours
Rail Romanesque,Main,Iyo,40958,"Furihata, Ai",aqours
Dragon Quest: Dai no Daibouken (2020),Supporting,Gome,40906,"Furihata, Ai",aqours
Love Live! Sunshine!! The School Idol Movie: Over the Rainbow,Main,"Kurosawa, Ruby",37027,"Furihata, Ai",aqours
Okojo to Yamane,Main,Yamane,37780,"Furihata, Ai",aqours
Love Live! Sunshine!! 2nd Season,Main,"Kurosawa, Ruby",34973,"Furihata, Ai",aqours
Happy Party Train,Main,"Kurosawa, Ruby",35006,"Furihata, Ai",aqours
Love Live! Sunshine!!,Main,"Kurosawa, Ruby",32526,"Furihata, Ai",aqours
Koi ni Naritai Aquarium,Main,"Kurosawa, Ruby",32953,"Furihata, Ai",aqours
Kimi no Kokoro wa Kagayaiteru kai?,Main,"Kurosawa, Ruby",31780,"Furihata, Ai",aqours
100-man no Inochi no Ue ni Ore wa Tatteiru,Staff,,41380,"Furihata, Ai",aqours
Love Live! Sunshine!!,Staff,,32526,"Furihata, Ai",aqours
KU-RU-KU-RU Cruller!,Main,"Kurosawa, Dia",49880,"Komiya, Arisa",aqours
Love Live! Sunshine!! The School Idol Movie: Over the Rainbow,Main,"Kurosawa, Dia",37027,"Komiya, Arisa",aqours
Love Live! Sunshine!! 2nd Season,Main,"Kurosawa, Dia",34973,"Komiya, Arisa",aqours
Happy Party Train,Main,"Kurosawa, Dia",35006,"Komiya, Arisa",aqours
Love Live! Sunshine!!,Main,"Kurosawa, Dia",32526,"Komiya, Arisa",aqours
Garo Movie: Divine Flame,Supporting,Sarah,28539,"Komiya, Arisa",aqours
Koi ni Naritai Aquarium,Main,"Kurosawa, Dia",32953,"Komiya, Arisa",aqours
Kimi no Kokoro wa Kagayaiteru kai?,Main,"Kurosawa, Dia",31780,"Komiya, Arisa",aqours
Love Live! Sunshine!!,Staff,,32526,"Komiya, Arisa",aqours
KU-RU-KU-RU Cruller!,Main,"Matsuura, Kanan",49880,"Suwa, Nanaka",aqours
Itai no wa Iya nano de Bougyoryoku ni Kyokufuri Shitai to Omoimasu.,Supporting,Yui,38790,"Suwa, Nanaka",aqours
Love Live! Sunshine!! The School Idol Movie: Over the Rainbow,Main,"Matsuura, Kanan",37027,"Suwa, Nanaka",aqours
Love Live! Sunshine!! 2nd Season,Main,"Matsuura, Kanan",34973,"Suwa, Nanaka",aqours
Happy Party Train,Main,"Matsuura, Kanan",35006,"Suwa, Nanaka",aqours
Love Live! Sunshine!!,Main,"Matsuura, Kanan",32526,"Suwa, Nanaka",aqours
Koi ni Naritai Aquarium,Main,"Matsuura, Kanan",32953,"Suwa, Nanaka",aqours
Kimi no Kokoro wa Kagayaiteru kai?,Main,"Matsuura, Kanan",31780,"Suwa, Nanaka",aqours
Battle Athletess Daiundoukai ReSTART!,Staff,,42321,"Suwa, Nanaka",aqours
Love Live! Sunshine!!,Staff,,32526,"Suwa, Nanaka",aqours
Motto ne!,Staff,,48378,"Suwa, Nanaka",aqours
KU-RU-KU-RU Cruller!,Main,"Takami, Chika",49880,"Inami, Anju",aqours
Love Live! Sunshine!! The School Idol Movie: Over the Rainbow,Main,"Takami, Chika",37027,"Inami, Anju",aqours
Animegataris,Main,"Aoyama, Erika",35427,"Inami, Anju",aqours
Love Live! Sunshine!! 2nd Season,Main,"Takami, Chika",34973,"Inami, Anju",aqours
Love Live! Sunshine!! Recap,Main,"Takami, Chika",36473,"Inami, Anju",aqours
Happy Party Train,Main,"Takami, Chika",35006,"Inami, Anju",aqours
Love Live! Sunshine!!,Main,"Takami, Chika",32526,"Inami, Anju",aqours
Koi ni Naritai Aquarium,Main,"Takami, Chika",32953,"Inami, Anju",aqours
Kimi no Kokoro wa Kagayaiteru kai?,Main,"Takami, Chika",31780,"Inami, Anju",aqours
Animegatari,Main,Erika,30617,"Inami, Anju",aqours
Wonder Momo,Supporting,"Fujita, Yumi",22377,"Inami, Anju",aqours
Hinata no Aoshigure,Main,Hinata,20673,"Inami, Anju",aqours
Love Live! Sunshine!!,Staff,,32526,"Inami, Anju",aqours
D4DJ Petit Mix,Main,"Fukushima, Noa",45782,"Satou, Hinata",aqours
D4DJ: First Mix,Supporting,"Fukushima, Noa",39681,"Satou, Hinata",aqours
Shoujo☆Kageki Revue Starlight: Rondo Rondo Rondo,Main,"Hoshimi, Junna",40665,"Satou, Hinata",aqours
Shoujo☆Conto All Starlight,Main,"Hoshimi, Junna",39643,"Satou, Hinata",aqours
Love Live! Sunshine!! The School Idol Movie: Over the Rainbow,Main,"Kazuno, Leah",37027,"Satou, Hinata",aqours
Shoujo☆Kageki Revue Starlight,Main,"Hoshimi, Junna",35503,"Satou, Hinata",aqours
Love Live! Sunshine!! 2nd Season,Supporting,"Kazuno, Leah",34973,"Satou, Hinata",aqours
Love Live! Sunshine!!,Supporting,"Kazuno, Leah",32526,"Satou, Hinata",aqours
KutsuDaru.,Main,"Karasawa, Rin",22465,"Satou, Hinata",aqours
Shoujo☆Kageki Revue Starlight,Staff,,35503,"Satou, Hinata",aqours
Love Live! Nijigasaki Gakuen School Idol Doukoukai,Main,"Tennouji, Rina",40879,"Tanaka, Chiemi",nijigasaki
Muteki-kyuu*Believer / Mirai Harmony,Main,"Tennouji, Rina",42889,"Tanaka, Chiemi",nijigasaki
Sakura Quest,Main,"Oribe, Ririko",34494,"Tanaka, Chiemi",nijigasaki
Sansha Sanyou Specials,Supporting,"Tsuji, Sasame",33173,"Tanaka, Chiemi",nijigasaki
Sansha Sanyou,Supporting,"Tsuji, Sasame",31564,"Tanaka, Chiemi",nijigasaki
Seirei Gensouki 2nd Season,Main,Latifa,50306,"Kusunoki, Tomori",nijigasaki
Tomodachi no Imouto ga Ore ni dake Uzai,Main,"Tsukinomori, Mashiro",47158,"Kusunoki, Tomori",nijigasaki
Senpai ga Uzai Kouhai no Hanashi,Main,"Igarashi, Futaba",42351,"Kusunoki, Tomori",nijigasaki
Muv-Luv Alternative,Main,"Kagami, Sumika",40608,"Kusunoki, Tomori",nijigasaki
Seirei Gensouki,Main,Latifa,44203,"Kusunoki, Tomori",nijigasaki
Wonder Egg Priority,Main,"Aonuma, Neiru",43299,"Kusunoki, Tomori",nijigasaki
Love Live! Nijigasaki Gakuen School Idol Doukoukai,Main,"Yuuki, Setsuna",40879,"Kusunoki, Tomori",nijigasaki
Muteki-kyuu*Believer / Mirai Harmony,Main,"Yuuki, Setsuna",42889,"Kusunoki, Tomori",nijigasaki
Deca-Dence,Main,Natsume,40056,"Kusunoki, Tomori",nijigasaki
"Maou Gakuin no Futekigousha: Shijou Saikyou no Maou no Shiso, Tensei shite Shison-tachi no Gakkou e Kayou",Main,"Necron, Misha",40496,"Kusunoki, Tomori",nijigasaki
Kiratto Pri☆chan Season 3,Supporting,"Momoyama, Hikari",40880,"Kusunoki, Tomori",nijigasaki
Yu☆Gi☆Oh!: Sevens,Main,"Kirishima, Romin",40145,"Kusunoki, Tomori",nijigasaki
High School Fleet Movie,Supporting,"Abe, Azumi",37704,"Kusunoki, Tomori",nijigasaki
Kabukichou Sherlock,Supporting,Juri,38161,"Kusunoki, Tomori",nijigasaki
Assassins Pride,Main,"Angel, Melida",38572,"Kusunoki, Tomori",nijigasaki
Shoujo☆Conto All Starlight,Main,"Tomoe, Tamao",39643,"Kusunoki, Tomori",nijigasaki
Kiratto Pri☆chan Season 2,Supporting,"Momoyama, Hikari",38804,"Kusunoki, Tomori",nijigasaki
Anima Yell!,Main,"Tatejima, Kotetsu",37206,"Kusunoki, Tomori",nijigasaki
Akanesasu Shoujo,Supporting,"Yamanashi, Mayuki",37561,"Kusunoki, Tomori",nijigasaki
Sword Art Online Alternative: Gun Gale Online,Main,"Kohiruimaki, Karen",36475,"Kusunoki, Tomori",nijigasaki
Kiratto Pri☆chan,Supporting,"Momoyama, Hikari",37178,"Kusunoki, Tomori",nijigasaki
Kujira no Kora wa Sajou ni Manabu!,Supporting,Suzu,37272,"Kusunoki, Tomori",nijigasaki
Märchen Mädchen,Main,"Kagimura, Hazuki",35997,"Kusunoki, Tomori",nijigasaki
Slow Start,Supporting,"Tokura, Miki",35540,"Kusunoki, Tomori",nijigasaki
Kujira no Kora wa Sajou ni Utau,Supporting,Suzu,34712,"Kusunoki, Tomori",nijigasaki
Wonder Egg Priority,Staff,,43299,"Kusunoki, Tomori",nijigasaki
"Maou Gakuin no Futekigousha: Shijou Saikyou no Maou no Shiso, Tensei shite Shison-tachi no Gakkou e Kayou",Staff,,40496,"Kusunoki, Tomori",nijigasaki
Sword Art Online Alternative: Gun Gale Online,Staff,,36475,"Kusunoki, Tomori",nijigasaki
Assassins Pride,Staff,,38572,"Kusunoki, Tomori",nijigasaki
Senpai ga Uzai Kouhai no Hanashi,Staff,,42351,"Kusunoki, Tomori",nijigasaki
Sword Art Online Alternative: Gun Gale Online - Refrain,Staff,,37831,"Kusunoki, Tomori",nijigasaki
"Deemo Movie: Sakura no Oto - Anata no Kanadeta Oto ga, Ima mo Hibiku",Supporting,Sania,40722,"Kitou, Akari",nijigasaki
Tonikaku Kawaii 2nd Season,Main,"Yuzaki, Tsukasa",50307,"Kitou, Akari",nijigasaki
Mato Seihei no Slave,Main,"Uzen, Kyouka",50392,"Kitou, Akari",nijigasaki
Akebi-chan no Sailor-fuku,Supporting,"Usagihara, Touko",48553,"Kitou, Akari",nijigasaki
Ninjala (TV),Main,Berecca,50418,"Kitou, Akari",nijigasaki
Birdie Wing: Golf Girls' Story,Main,Eve,50248,"Kitou, Akari",nijigasaki
Kakkou no Iinazuke,Main,"Amano, Erika",48675,"Kitou, Akari",nijigasaki
Kyokou Suiri 2nd Season,Main,"Iwanaga, Kotoko",44204,"Kitou, Akari",nijigasaki
Kimetsu no Yaiba: Yuukaku-hen,Main,"Kamado, Nezuko",47778,"Kitou, Akari",nijigasaki
Tonikaku Kawaii: SNS,Main,"Yuzaki, Tsukasa",44931,"Kitou, Akari",nijigasaki
Deatte 5-byou de Battle,Supporting,Yang,43814,"Kitou, Akari",nijigasaki
Tsuki ga Michibiku Isekai Douchuu,Main,Mio,43523,"Kitou, Akari",nijigasaki
Battle Athletess Daiundoukai ReSTART!,Supporting,"Gurtland, Lydia",42321,"Kitou, Akari",nijigasaki
Shadows House,Main,Kate,43439,"Kitou, Akari",nijigasaki
Shinkansen Henkei Robo Shinkalion Z the Animation,Main,"Usui, Abuto",46381,"Kitou, Akari",nijigasaki
Majutsushi Orphen Hagure Tabi: Kimluck-hen,Supporting,Mädchen,41573,"Kitou, Akari",nijigasaki
Ex-Arm,Main,Alma,38853,"Kitou, Akari",nijigasaki
Kai Byoui Ramune,Supporting,"Kashiwagi, Koto",42822,"Kitou, Akari",nijigasaki
Ore dake Haireru Kakushi Dungeon,Supporting,Luna,41899,"Kitou, Akari",nijigasaki
"Eiyuuou, Bu wo Kiwameru Tame Tenseisu: Soshite, Sekai Saikyou no Minarai Kishi♀",Main,Inglis,43727,"Kitou, Akari",nijigasaki
Kimetsu no Yaiba Movie: Mugen Ressha-hen,Main,"Kamado, Nezuko",40456,"Kitou, Akari",nijigasaki
Adachi to Shimamura,Main,"Adachi, Sakura",39790,"Kitou, Akari",nijigasaki
Tonikaku Kawaii,Main,"Yuzaki, Tsukasa",41389,"Kitou, Akari",nijigasaki
Love Live! Nijigasaki Gakuen School Idol Doukoukai,Main,"Konoe, Kanata",40879,"Kitou, Akari",nijigasaki
Muteki-kyuu*Believer / Mirai Harmony,Main,"Konoe, Kanata",42889,"Kitou, Akari",nijigasaki
Umayon,Main,Seiun Sky,38835,"Kitou, Akari",nijigasaki
Mushikago no Cagaster,Supporting,Lizzy,38663,"Kitou, Akari",nijigasaki
Kyokou Uranai,Main,"Iwanaga, Kotoko",42562,"Kitou, Akari",nijigasaki
Kyokou Suiri,Main,"Iwanaga, Kotoko",39017,"Kitou, Akari",nijigasaki
Jibaku Shounen Hanako-kun,Main,"Yashiro, Nene",39534,"Kitou, Akari",nijigasaki
Kyokou Suiri Mini Anime,Main,"Iwanaga, Kotoko",40894,"Kitou, Akari",nijigasaki
Machikado Mazoku,Main,"Chiyoda, Momo",39071,"Kitou, Akari",nijigasaki
Re:Stage! Dream Days♪,Main,"Tsukisaka, Sayu",38009,"Kitou, Akari",nijigasaki
Nakanohito Genome [Jikkyouchuu],Main,"Sarayashiki, Karin",37926,"Kitou, Akari",nijigasaki
Hitoribocchi no Marumaru Seikatsu,Main,"Honshou, Aru",37614,"Kitou, Akari",nijigasaki
Kimetsu no Yaiba,Main,"Kamado, Nezuko",38000,"Kitou, Akari",nijigasaki
Watashi ni Tenshi ga Maiorita!,Main,"Himesaka, Noa",37993,"Kitou, Akari",nijigasaki
SSSS.Gridman,Supporting,Hass,35847,"Kitou, Akari",nijigasaki
Harukana Receive,Supporting,"Tanahara, Ai",35983,"Kitou, Akari",nijigasaki
Shichisei no Subaru,Main,"Usui, Satsuki",36316,"Kitou, Akari",nijigasaki
Last Period: Owarinaki Rasen no Monogatari,Supporting,Kikazaru,37254,"Kitou, Akari",nijigasaki
Lostorage Conflated WIXOSS,Supporting,Layla,34607,"Kitou, Akari",nijigasaki
Uma Musume: Pretty Derby (TV),Supporting,Seiun Sky,35249,"Kitou, Akari",nijigasaki
Grancrest Senki,Main,"Meletes, Siluca",34279,"Kitou, Akari",nijigasaki
Ramen Daisuki Koizumi-san,Main,"Nakamura, Misa",35298,"Kitou, Akari",nijigasaki
Lostorage Conflated WIXOSS: Missing Link,Supporting,Layla,36083,"Kitou, Akari",nijigasaki
Blend S,Main,"Hinata, Kaho",34618,"Kitou, Akari",nijigasaki
Time Bokan: Gyakushuu no San Akunin,Main,Calen,35254,"Kitou, Akari",nijigasaki
UQ Holder!: Mahou Sensei Negima! 2,Supporting,"Yukihiro, Mizore",33478,"Kitou, Akari",nijigasaki
Youkoso Jitsuryoku Shijou Shugi no Kyoushitsu e (TV),Main,"Horikita, Suzune",35507,"Kitou, Akari",nijigasaki
Princess Principal,Supporting,"Gaveston, Lily",35240,"Kitou, Akari",nijigasaki
Tsurezure Children,Main,"Ijima, Kana",34902,"Kitou, Akari",nijigasaki
Alice to Zouroku,Supporting,"Hinagiri, Yonaga",34350,"Kitou, Akari",nijigasaki
Minami Kamakura Koukou Joshi Jitenshabu,Supporting,"Mori, Nagisa",31422,"Kitou, Akari",nijigasaki
Time Bokan 24,Main,Calen,33026,"Kitou, Akari",nijigasaki
Taboo Tattoo,Supporting,Aryabhata,29758,"Kitou, Akari",nijigasaki
Boku dake ga Inai Machi,Supporting,"Sugita, Hiromi",31043,"Kitou, Akari",nijigasaki
Ookami Shoujo to Kuro Ouji,Supporting,"Yajima, Kana",23673,"Kitou, Akari",nijigasaki
Rokujouma no Shinryakusha!? (TV),Supporting,"Aika, Maki",22865,"Kitou, Akari",nijigasaki
Blend S,Staff,,34618,"Kitou, Akari",nijigasaki
Tonikaku Kawaii,Staff,,41389,"Kitou, Akari",nijigasaki
Jibaku Shounen Hanako-kun,Staff,,39534,"Kitou, Akari",nijigasaki
Tsuki ga Michibiku Isekai Douchuu,Staff,,43523,"Kitou, Akari",nijigasaki
Choujin Koukousei-tachi wa Isekai demo Yoyuu de Ikinuku you desu!,Staff,,39523,"Kitou, Akari",nijigasaki
Hitoribocchi no Marumaru Seikatsu,Staff,,37614,"Kitou, Akari",nijigasaki
UQ Holder!: Mahou Sensei Negima! 2,Staff,,33478,"Kitou, Akari",nijigasaki
Watashi ni Tenshi ga Maiorita!,Staff,,37993,"Kitou, Akari",nijigasaki
Adachi to Shimamura,Staff,,39790,"Kitou, Akari",nijigasaki
Deatte 5-byou de Battle,Staff,,43814,"Kitou, Akari",nijigasaki
Machikado Mazoku,Staff,,39071,"Kitou, Akari",nijigasaki
Last Period: Owarinaki Rasen no Monogatari,Staff,,37254,"Kitou, Akari",nijigasaki
Umayon,Staff,,38835,"Kitou, Akari",nijigasaki
Puraore! Pride of Orange,Main,"Mizusawa, Ayaka",44274,"Sagara, Mayu",nijigasaki
Waccha PriMagi!,Supporting,"Amauri, Miruki",49285,"Sagara, Mayu",nijigasaki
Love Live! Nijigasaki Gakuen School Idol Doukoukai,Main,"Nakasu, Kasumi",40879,"Sagara, Mayu",nijigasaki
Muteki-kyuu*Believer / Mirai Harmony,Main,"Nakasu, Kasumi",42889,"Sagara, Mayu",nijigasaki
Kawaikereba Hentai demo Suki ni Natte Kuremasu ka?,Supporting,Female Announcer,39326,"Sagara, Mayu",nijigasaki
Idol Memories,Main,"Kajiwara, Miku",33572,"Sagara, Mayu",nijigasaki
Puraore! Pride of Orange,Staff,,44274,"Sagara, Mayu",nijigasaki
"Kono Healer, Mendokusai",Main,Karla,48742,"Oonishi, Aguri",nijigasaki
Maesetsu!,Main,"Kitakaze, Fubuki",40085,"Oonishi, Aguri",nijigasaki
Love Live! Nijigasaki Gakuen School Idol Doukoukai,Main,"Uehara, Ayumu",40879,"Oonishi, Aguri",nijigasaki
Muteki-kyuu*Believer / Mirai Harmony,Main,"Uehara, Ayumu",42889,"Oonishi, Aguri",nijigasaki
Shoumetsu Toshi,Supporting,Rena,37952,"Oonishi, Aguri",nijigasaki
Seirei Gensouki,Staff,,44203,"Oonishi, Aguri",nijigasaki
Maesetsu!,Staff,,40085,"Oonishi, Aguri",nijigasaki
Kaijin Kaihatsu-bu no Kuroitsu-san,Main,"Kuroitsu, Touka",49385,"Maeda, Kaori",nijigasaki
Tabi wa ni,Main,"Kitayama, Nagi",49743,"Maeda, Kaori",nijigasaki
Hula Fulla Dance,Supporting,"Kaaihue, Ohana",43762,"Maeda, Kaori",nijigasaki
Platinum End,Supporting,"Yamada, Mimimi",44961,"Maeda, Kaori",nijigasaki
Night Head 2041,Supporting,"Futami, Shouko",43767,"Maeda, Kaori",nijigasaki
Uma Musume: Pretty Derby (TV) Season 2,Supporting,Nice Nature,42941,"Maeda, Kaori",nijigasaki
Love Live! Nijigasaki Gakuen School Idol Doukoukai,Main,"Ousaka, Shizuku",40879,"Maeda, Kaori",nijigasaki
Muteki-kyuu*Believer / Mirai Harmony,Main,"Ousaka, Shizuku",42889,"Maeda, Kaori",nijigasaki
Tamayomi,Main,"Takeda, Yomi",39966,"Maeda, Kaori",nijigasaki
Ishuzoku Reviewers,Supporting,Thies,40010,"Maeda, Kaori",nijigasaki
Sword Art Online: Alicization - War of Underworld,Supporting,"Zuberg, Selka",39597,"Maeda, Kaori",nijigasaki
Kandagawa Jet Girls,Supporting,"Midorikawa, Yuzu",40196,"Maeda, Kaori",nijigasaki
Bokutachi wa Benkyou ga Dekinai!,Supporting,Inomori,40004,"Maeda, Kaori",nijigasaki
Dr. Stone,Supporting,Sapphire,38691,"Maeda, Kaori",nijigasaki
Bokutachi wa Benkyou ga Dekinai,Supporting,Inomori,38186,"Maeda, Kaori",nijigasaki
Fruits Basket 1st Season,Supporting,Chie,38680,"Maeda, Kaori",nijigasaki
Kemono Friends 2,Supporting,Giant Panda,35313,"Maeda, Kaori",nijigasaki
Sword Art Online: Alicization,Supporting,"Zuberg, Selka",36474,"Maeda, Kaori",nijigasaki
Back Street Girls: Gokudolls,Main,"Tachibana, Mari",36873,"Maeda, Kaori",nijigasaki
Aikatsu Stars!,Supporting,"Futaba, Aria",32717,"Maeda, Kaori",nijigasaki
Back Street Girls: Gokudolls,Staff,,36873,"Maeda, Kaori",nijigasaki
Slow Loop,Supporting,"Fukumoto, Futaba",45425,"Murakami, Natsumi",nijigasaki
"Sentouin, Hakenshimasu!",Main,Rose,41456,"Murakami, Natsumi",nijigasaki
Love Live! Nijigasaki Gakuen School Idol Doukoukai,Main,"Miyashita, Ai",40879,"Murakami, Natsumi",nijigasaki
Muteki-kyuu*Believer / Mirai Harmony,Main,"Miyashita, Ai",42889,"Murakami, Natsumi",nijigasaki
Mewkledreamy,Main,"Hinata, Yume",40327,"Murakami, Natsumi",nijigasaki
Kami no Tou,Supporting,Hax,40221,"Murakami, Natsumi",nijigasaki
Aikatsu Stars!,Main,"Saotome, Ako",32717,"Murakami, Natsumi",nijigasaki
"Sentouin, Hakenshimasu!",Staff,,41456,"Murakami, Natsumi",nijigasaki
Musashino!,Main,"Bessho, Kojika",35335,"Kubota, Miyu",nijigasaki
Love Live! Nijigasaki Gakuen School Idol Doukoukai,Main,"Asaka, Karin",40879,"Kubota, Miyu",nijigasaki
Muteki-kyuu*Believer / Mirai Harmony,Main,"Asaka, Karin",42889,"Kubota, Miyu",nijigasaki
Kiratto Pri☆chan Season 3,Main,"Moegi, Emo",40880,"Kubota, Miyu",nijigasaki
Ishuzoku Reviewers,Supporting,Demon Hole Receptionist,40010,"Kubota, Miyu",nijigasaki
Plunderer,Supporting,"Ichinose, Saki",37345,"Kubota, Miyu",nijigasaki
"Uchi no Ko no Tame naraba, Ore wa Moshikashitara Maou mo Taoseru kamo Shirenai.",Supporting,Glaros,39324,"Kubota, Miyu",nijigasaki
Kenja no Mago,Supporting,"Corner, Alice",36407,"Kubota, Miyu",nijigasaki
Kiratto Pri☆chan Season 2,Main,"Moegi, Emo",38804,"Kubota, Miyu",nijigasaki
Grimms Notes The Animation,Main,Shane,37154,"Kubota, Miyu",nijigasaki
Grimms Notes The Animation,Supporting,Alice,37154,"Kubota, Miyu",nijigasaki
Black Clover: Jump Festa 2018 Special,Supporting,"Aquaria, Lily",38768,"Kubota, Miyu",nijigasaki
Jashin-chan Dropkick,Supporting,Medusa,36906,"Kubota, Miyu",nijigasaki
Kiratto Pri☆chan,Main,"Moegi, Emo",37178,"Kubota, Miyu",nijigasaki
Black Clover,Supporting,"Aquaria, Lily",34572,"Kubota, Miyu",nijigasaki
Idol Time PriPara,Supporting,"Houjou, Sophie",34787,"Kubota, Miyu",nijigasaki
Tobidasu PriPara: Mi~nna de Mezase! Idol☆Grand Prix,Main,"Houjou, Sophie",31055,"Kubota, Miyu",nijigasaki
Urawa no Usagi-chan,Main,"Bessho, Kojika",27927,"Kubota, Miyu",nijigasaki
PriPara Movie: Mi~nna Atsumare! Prism☆Tours,Main,"Houjou, Sophie",25857,"Kubota, Miyu",nijigasaki
PriPara,Main,"Houjou, Sophie",23135,"Kubota, Miyu",nijigasaki
Dragon Collection,Supporting,Torte,22733,"Kubota, Miyu",nijigasaki
Haiyore! Nyaruko-san W,Supporting,"Uketsuke, Musume",15699,"Kubota, Miyu",nijigasaki
Jashin-chan Dropkick,Staff,,36906,"Kubota, Miyu",nijigasaki
PriPara,Staff,,23135,"Kubota, Miyu",nijigasaki
Urawa no Usagi-chan,Staff,,27927,"Kubota, Miyu",nijigasaki
Selection Project,Main,"Miyama, Suzune",44275,"Yano, Hinaki",nijigasaki
Wonder Egg Priority,Main,"Sawaki, Momoe",43299,"Yano, Hinaki",nijigasaki
Uma Musume: Pretty Derby (TV) Season 2,Supporting,Kitasan Black,42941,"Yano, Hinaki",nijigasaki
Love Live! Nijigasaki Gakuen School Idol Doukoukai,Main,"Takasaki, Yuu",40879,"Yano, Hinaki",nijigasaki
Cannon Busters,Main,S.A.M.,40256,"Yano, Hinaki",nijigasaki
Wonder Egg Priority,Staff,,43299,"Yano, Hinaki",nijigasaki
Love Live! Nijigasaki Gakuen School Idol Doukoukai,Main,"Verde, Emma",40879,"Sashide, Maria",nijigasaki
Muteki-kyuu*Believer / Mirai Harmony,Main,"Verde, Emma",42889,"Sashide, Maria",nijigasaki
Kiratto Pri☆chan Season 3,Main,"Kagayaki, Eve",40880,"Sashide, Maria",nijigasaki
Koisuru Asteroid,Main,"Inose, Mai",39388,"Sashide, Maria",nijigasaki
Watashi ni Tenshi ga Maiorita!,Main,"Shirosaki, Hana",37993,"Sashide, Maria",nijigasaki
Watashi ni Tenshi ga Maiorita!,Staff,,37993,"Sashide, Maria",nijigasaki
